28443,0,-67.54
28453,0.01,-67.54
28463,0.02,-67.72
28473,0.03,-67.72
28483,0.04,-67.72
28493,0.05,-67.72
28504,0.061,-67.72
28513,0.07,-67.72
28523,0.08,-67.72
28533,0.09,-67.72
28544,0.101,-67.72
28553,0.11,-67.72
28563,0.12,-67.72
28573,0.13,-67.72
28583,0.14,-67.72
28593,0.15,-67.72
28603,0.16,-67.72
28613,0.17,-67.72
28623,0.18,-67.72
28634,0.191,-67.72
28643,0.2,-67.72
28653,0.21,-67.72
28663,0.22,-67.72
28674,0.231,-67.72
28683,0.24,-67.54
28693,0.25,-67.72
28703,0.26,-67.9
28713,0.27,-67.72
28723,0.28,-67.72
28733,0.29,-67.72
28743,0.3,-67.54
28753,0.31,-67.54
28764,0.321,-67.72
28773,0.33,-67.72
28783,0.34,-67.72
28793,0.35,-67.72
28804,0.361,-67.72
28813,0.37,-67.72
28823,0.38,-67.72
28833,0.39,-67.72
28844,0.401,-67.72
28853,0.41,-67.54
28863,0.42,-67.54
28873,0.43,-67.72
28883,0.44,-67.72
28893,0.45,-67.72
28903,0.46,-67.72
28913,0.47,-67.72
28923,0.48,-67.72
28934,0.491,-67.72
28943,0.5,-67.54
28953,0.51,-67.17
28963,0.52,-66.62
28974,0.531,-65.53
28983,0.54,-63.88
28993,0.55,-62.6
29003,0.56,-61.51
29014,0.571,-60.23
29023,0.58,-58.76
29033,0.59,-57.3
29043,0.6,-56.39
29053,0.61,-55.29
29064,0.621,-54.19
29073,0.63,-53.46
29083,0.64,-52.37
29093,0.65,-51.27
29104,0.661,-50.54
29113,0.67,-49.81
29123,0.68,-49.08
29133,0.69,-48.53
29144,0.701,-47.98
29153,0.71,-47.43
29163,0.72,-47.25
29173,0.73,-47.06
29184,0.741,-46.7
29193,0.75,-46.33
29203,0.76,-46.15
29213,0.77,-45.97
29223,0.78,-45.6
29234,0.791,-45.42
29243,0.8,-45.42
29253,0.81,-45.42
29263,0.82,-45.42
29274,0.831,-45.42
29283,0.84,-45.6
29293,0.85,-45.97
29303,0.86,-46.15
29314,0.871,-46.33
29323,0.88,-46.7
29333,0.89,-46.88
29343,0.9,-47.43
29353,0.91,-48.34
29364,0.921,-48.71
29373,0.93,-48.89
29383,0.94,-49.62
29393,0.95,-50.35
29404,0.961,-50.9
29413,0.97,-51.45
29423,0.98,-52
29433,0.99,-52.73
29444,1.001,-53.1
29453,1.01,-53.28
29463,1.02,-53.46
29473,1.03,-53.46
29484,1.041,-53.83
29493,1.05,-54.01
29503,1.06,-53.83
29513,1.07,-53.83
29523,1.08,-53.83
29534,1.091,-53.83
29543,1.1,-53.83
29553,1.11,-53.83
29563,1.12,-53.83
29574,1.131,-53.83
29583,1.14,-53.83
29593,1.15,-53.83
29603,1.16,-53.83
29614,1.171,-53.83
29623,1.18,-53.83
29633,1.19,-53.83
29643,1.2,-53.83
29654,1.211,-53.83
29663,1.22,-53.83
29673,1.23,-54.01
29683,1.24,-54.01
29693,1.25,-53.83
29704,1.261,-53.83
29713,1.27,-53.83
29723,1.28,-53.83
29733,1.29,-53.83
29744,1.301,-53.83
29753,1.31,-53.83
29763,1.32,-53.83
29773,1.33,-53.65
29784,1.341,-53.46
29794,1.351,-53.28
29803,1.36,-52.91
29813,1.37,-52.55
29824,1.381,-52.37
29834,1.391,-52
29843,1.4,-51.63
29853,1.41,-51.45
29863,1.42,-51.09
29874,1.431,-50.9
29883,1.44,-50.9
29893,1.45,-50.72
29903,1.46,-50.35
29914,1.471,-50.35
29923,1.48,-50.35
29933,1.49,-50.17
29943,1.5,-50.17
29954,1.511,-50.17
29964,1.521,-50.17
29973,1.53,-50.17
29983,1.54,-50.17
29993,1.55,-50.17
30004,1.561,-50.17
30013,1.57,-50.17
30023,1.58,-50.17
30033,1.59,-50.17
30044,1.601,-50.17
30053,1.61,-50.17
30063,1.62,-50.17
30073,1.63,-50.17
30084,1.641,-50.17
30094,1.651,-50.35
30103,1.66,-50.54
30113,1.67,-50.35
30124,1.681,-50.35
30134,1.691,-50.54
30143,1.7,-50.54
30153,1.71,-50.54
30163,1.72,-50.54
30174,1.731,-50.54
30183,1.74,-50.54
30193,1.75,-50.54
30203,1.76,-50.54
30214,1.771,-50.54
30223,1.78,-50.54
30233,1.79,-50.54
30243,1.8,-50.54
30254,1.811,-50.54
30264,1.821,-50.54
30273,1.83,-50.54
30283,1.84,-50.54
30294,1.851,-50.54
30304,1.861,-50.54
30313,1.87,-50.54
30323,1.88,-50.54
30333,1.89,-50.54
30344,1.901,-50.54
30353,1.91,-50.54
30363,1.92,-50.54
30373,1.93,-50.54
30384,1.941,-50.54
30393,1.95,-50.54
30403,1.96,-50.54
30413,1.97,-50.54
30424,1.981,-50.54
30434,1.991,-50.54
30443,2,-50.54
30453,2.01,-50.54
30464,2.021,-50.54
30474,2.031,-50.54
30483,2.04,-50.54
30493,2.05,-50.54
30503,2.06,-50.54
30514,2.071,-50.54
30523,2.08,-50.54
30533,2.09,-50.72
30543,2.1,-50.72
30554,2.111,-50.54
30564,2.121,-50.54
30573,2.13,-50.54
30583,2.14,-50.35
30594,2.151,-50.35
30604,2.161,-50.54
30613,2.17,-50.54
30623,2.18,-50.54
30633,2.19,-50.54
30644,2.201,-50.54
30653,2.21,-50.54
30663,2.22,-50.54
30673,2.23,-50.54
30684,2.241,-50.54
30694,2.251,-50.54
30703,2.26,-50.54
30713,2.27,-50.54
30724,2.281,-50.54
30734,2.291,-50.54
30743,2.3,-50.54
30753,2.31,-50.54
30764,2.321,-50.54
30774,2.331,-50.54
30783,2.34,-50.54
30793,2.35,-50.54
30803,2.36,-50.54
30814,2.371,-50.54
30824,2.381,-50.35
30833,2.39,-50.35
30843,2.4,-50.54
30854,2.411,-50.54
30864,2.421,-50.54
30873,2.43,-50.54
30883,2.44,-50.54
30894,2.451,-50.54
30904,2.461,-50.54
30913,2.47,-50.54
30923,2.48,-50.54
30934,2.491,-50.54
30944,2.501,-50.54
30953,2.51,-50.54
30963,2.52,-50.54
30973,2.53,-50.54
30984,2.541,-50.54
30994,2.551,-50.54
31003,2.56,-50.54
31013,2.57,-50.54
31024,2.581,-50.54
31034,2.591,-50.54
31043,2.6,-50.54
31053,2.61,-50.54
31064,2.621,-50.54
31074,2.631,-50.54
31083,2.64,-50.54
31093,2.65,-50.54
31104,2.661,-50.54
31114,2.671,-50.54
31124,2.681,-50.54
31133,2.69,-50.54
31143,2.7,-50.54
31154,2.711,-50.54
31164,2.721,-50.54
31173,2.73,-50.54
31183,2.74,-50.54
31194,2.751,-50.54
31204,2.761,-50.54
31213,2.77,-50.54
31223,2.78,-50.54
31234,2.791,-50.54
31244,2.801,-50.54
31254,2.811,-50.54
31263,2.82,-50.54
31273,2.83,-50.54
31284,2.841,-50.54
31294,2.851,-50.54
31303,2.86,-50.54
31313,2.87,-50.54
31324,2.881,-50.54
31334,2.891,-50.54
31343,2.9,-50.54
31353,2.91,-50.54
31364,2.921,-50.54
31374,2.931,-50.54
31384,2.941,-50.54
31393,2.95,-50.54
31404,2.961,-50.35
31414,2.971,-50.35
31424,2.981,-50.35
31433,2.99,-50.35
31443,3,-50.54
31454,3.011,-50.54
31464,3.021,-50.35
31474,3.031,-50.17
31483,3.04,-50.17
31494,3.051,-50.17
31504,3.061,-50.17
31514,3.071,-50.17
31523,3.08,-50.35
31534,3.091,-50.35
31544,3.101,-50.17
31554,3.111,-50.17
31563,3.12,-50.17
31574,3.131,-50.17
31584,3.141,-50.35
31594,3.151,-50.54
31604,3.161,-50.35
31613,3.17,-50.17
31624,3.181,-50.17
31634,3.191,-50.17
31644,3.201,-50.35
31653,3.21,-50.35
31664,3.221,-50.17
31674,3.231,-50.17
31684,3.241,-50.17
31693,3.25,-50.17
31704,3.261,-50.17
31714,3.271,-50.17
31724,3.281,-50.17
31733,3.29,-50.35
31744,3.301,-50.35
31754,3.311,-50.17
31764,3.321,-50.17
31774,3.331,-50.17
31783,3.34,-50.17
31794,3.351,-50.17
31804,3.361,-49.99
31814,3.371,-49.99
31823,3.38,-50.17
31834,3.391,-49.99
31844,3.401,-49.99
31854,3.411,-49.99
31863,3.42,-49.99
31874,3.431,-49.99
31884,3.441,-49.81
31894,3.451,-49.81
31903,3.46,-49.81
31913,3.47,-49.81
31924,3.481,-49.99
31934,3.491,-50.17
31944,3.501,-49.99
31953,3.51,-49.81
31964,3.521,-49.81
31974,3.531,-49.81
31984,3.541,-49.81
31993,3.55,-49.81
32004,3.561,-49.81
32014,3.571,-49.81
32024,3.581,-49.81
32033,3.59,-49.81
32044,3.601,-49.81
32054,3.611,-49.81
32064,3.621,-49.81
32074,3.631,-49.81
32083,3.64,-49.81
32094,3.651,-49.81
32104,3.661,-49.81
32114,3.671,-49.81
32123,3.68,-49.81
32134,3.691,-49.81
32144,3.701,-49.81
32154,3.711,-49.81
32163,3.72,-49.62
32174,3.731,-49.44
32184,3.741,-49.44
32194,3.751,-49.44
32204,3.761,-49.44
32214,3.771,-49.44
32224,3.781,-49.44
32234,3.791,-49.44
32244,3.801,-49.44
32253,3.81,-49.44
32264,3.821,-49.44
32274,3.831,-49.44
32284,3.841,-49.44
32293,3.85,-49.44
32304,3.861,-49.44
32314,3.871,-49.44
32324,3.881,-49.44
32334,3.891,-49.44
32344,3.901,-49.44
32354,3.911,-49.44
32364,3.921,-49.62
32374,3.931,-49.62
32384,3.941,-49.44
32394,3.951,-49.44
32404,3.961,-49.44
32414,3.971,-49.44
32423,3.98,-49.44
32434,3.991,-49.44
32444,4.001,-49.44
32454,4.011,-49.44
32464,4.021,-49.44
32474,4.031,-49.44
32484,4.041,-49.44
32494,4.051,-49.44
32504,4.061,-49.44
32514,4.071,-49.44
32524,4.081,-49.26
32534,4.091,-49.08
32544,4.101,-49.08
32553,4.11,-49.08
32564,4.121,-49.08
32574,4.131,-49.08
32584,4.141,-49.08
32594,4.151,-48.89
32604,4.161,-48.71
32614,4.171,-48.71
32624,4.181,-48.71
32634,4.191,-48.71
32644,4.201,-48.53
32654,4.211,-48.34
32664,4.221,-48.16
32674,4.231,-47.98
32684,4.241,-47.98
32694,4.251,-47.98
32704,4.261,-47.8
32714,4.271,-47.61
32723,4.28,-47.61
32734,4.291,-47.61
32744,4.301,-47.43
32754,4.311,-47.25
32764,4.321,-47.25
32774,4.331,-47.25
32784,4.341,-47.25
32794,4.351,-47.43
32804,4.361,-47.43
32814,4.371,-47.25
32824,4.381,-47.25
32834,4.391,-47.25
32844,4.401,-47.25
32854,4.411,-47.25
32864,4.421,-47.25
32874,4.431,-47.25
32884,4.441,-47.25
32894,4.451,-47.25
32904,4.461,-47.25
32914,4.471,-47.25
32924,4.481,-47.25
32934,4.491,-47.25
32944,4.501,-47.25
32954,4.511,-47.25
32964,4.521,-47.25
32974,4.531,-47.25
32984,4.541,-47.25
32994,4.551,-47.25
33004,4.561,-47.25
33014,4.571,-47.25
33025,4.582,-47.25
33034,4.591,-47.06
33044,4.601,-46.88
33054,4.611,-46.88
33064,4.621,-46.88
33074,4.631,-46.88
33084,4.641,-46.7
33094,4.651,-46.7
33104,4.661,-46.88
33114,4.671,-46.88
33124,4.681,-46.88
33134,4.691,-46.88
33144,4.701,-46.88
33155,4.712,-46.88
33164,4.721,-46.7
33174,4.731,-46.52
33184,4.741,-46.52
33195,4.752,-46.52
33204,4.761,-46.52
33214,4.771,-46.52
33224,4.781,-46.52
33234,4.791,-46.52
33244,4.801,-46.52
33254,4.811,-46.33
33264,4.821,-46.15
33274,4.831,-46.15
33285,4.842,-46.15
33294,4.851,-46.15
33304,4.861,-46.15
33314,4.871,-46.15
33325,4.882,-46.15
33334,4.891,-46.15
33344,4.901,-46.15
33354,4.911,-46.15
33364,4.921,-45.97
33374,4.931,-45.78
33384,4.941,-45.78
33394,4.951,-45.78
33404,4.961,-45.78
33414,4.971,-45.78
33424,4.981,-45.6
33434,4.991,-45.6
33444,5.001,-45.78
33455,5.012,-45.78
33464,5.021,-45.78
33474,5.031,-45.6
33484,5.041,-45.6
33495,5.052,-45.6
33504,5.061,-45.42
33514,5.071,-45.42
33524,5.081,-45.42
33534,5.091,-45.42
33544,5.101,-45.42
33554,5.111,-45.42
33564,5.121,-45.24
33574,5.131,-45.05
33585,5.142,-45.05
33594,5.151,-45.05
33604,5.161,-45.05
33614,5.171,-44.87
33625,5.182,-44.87
33634,5.191,-45.05
33644,5.201,-45.05
33654,5.211,-44.87
33665,5.222,-44.69
33674,5.231,-44.69
33684,5.241,-44.69
33694,5.251,-44.69
33704,5.261,-44.69
33715,5.272,-44.51
33724,5.281,-44.32
33734,5.291,-44.32
33744,5.301,-44.32
33755,5.312,-44.32
33764,5.321,-44.32
33774,5.331,-44.32
33784,5.341,-44.32
33795,5.352,-44.32
33804,5.361,-44.32
33814,5.371,-44.32
33824,5.381,-44.14
33835,5.392,-43.96
33844,5.401,-43.96
33854,5.411,-43.96
33864,5.421,-43.96
33874,5.431,-43.96
33885,5.442,-43.96
33894,5.451,-43.96
33904,5.461,-43.96
33914,5.471,-43.96
33925,5.482,-43.96
33934,5.491,-43.77
33944,5.501,-43.77
33954,5.511,-43.77
33965,5.522,-43.77
33975,5.532,-43.96
33984,5.541,-43.96
33994,5.551,-43.96
34004,5.561,-43.96
34015,5.572,-43.96
34024,5.581,-43.96
34034,5.591,-43.96
34044,5.601,-43.96
34055,5.612,-43.96
34064,5.621,-43.77
34074,5.631,-43.59
34084,5.641,-43.59
34095,5.652,-43.59
34104,5.661,-43.59
34114,5.671,-43.77
34124,5.681,-43.77
34135,5.692,-43.59
34145,5.702,-43.59
34154,5.711,-43.59
34164,5.721,-43.59
34174,5.731,-43.59
34185,5.742,-43.59
34194,5.751,-43.59
34204,5.761,-43.59
34214,5.771,-43.59
34225,5.782,-43.59
34234,5.791,-43.59
34244,5.801,-43.59
34254,5.811,-43.59
34265,5.822,-43.77
34275,5.832,-43.77
34284,5.841,-43.59
34294,5.851,-43.59
34305,5.862,-43.59
34315,5.872,-43.59
34324,5.881,-43.59
34334,5.891,-43.59
34344,5.901,-43.59
34355,5.912,-43.59
34364,5.921,-43.59
34374,5.931,-43.59
34384,5.941,-43.59
34395,5.952,-43.59
34405,5.962,-43.59
34414,5.971,-43.59
34424,5.981,-43.59
34435,5.992,-43.59
34445,6.002,-43.59
34454,6.011,-43.59
34464,6.021,-43.59
34475,6.032,-43.59
34485,6.042,-43.41
34494,6.051,-43.41
34504,6.061,-43.59
34514,6.071,-43.59
34525,6.082,-43.59
34535,6.092,-43.59
34544,6.101,-43.59
34554,6.111,-43.59
34565,6.122,-43.59
34575,6.132,-43.41
34584,6.141,-43.23
34594,6.151,-43.23
34605,6.162,-43.23
34615,6.172,-43.23
34624,6.181,-43.23
34634,6.191,-43.23
34644,6.201,-43.04
34655,6.212,-42.86
34665,6.222,-42.86
34674,6.231,-42.86
34684,6.241,-42.86
34695,6.252,-42.86
34705,6.262,-42.86
34714,6.271,-42.68
34724,6.281,-42.49
34735,6.292,-42.68
34745,6.302,-42.86
34754,6.311,-42.86
34764,6.321,-42.86
34775,6.332,-42.86
34785,6.342,-42.86
34795,6.352,-42.86
34804,6.361,-42.86
34814,6.371,-42.86
34825,6.382,-42.86
34835,6.392,-42.86
34844,6.401,-42.68
34854,6.411,-42.31
34865,6.422,-42.13
34875,6.432,-42.13
34884,6.441,-42.13
34894,6.451,-42.13
34905,6.462,-42.13
34915,6.472,-42.13
34925,6.482,-42.13
34934,6.491,-42.13
34945,6.502,-42.13
34955,6.512,-42.13
34965,6.522,-42.13
34974,6.531,-42.13
34984,6.541,-42.13
34995,6.552,-42.31
35005,6.562,-42.31
35014,6.571,-42.13
35024,6.581,-42.13
35035,6.592,-42.13
35045,6.602,-42.13
35055,6.612,-42.13
35064,6.621,-42.13
35075,6.632,-42.13
35085,6.642,-42.13
35095,6.652,-42.13
35104,6.661,-42.13
35115,6.672,-42.13
35125,6.682,-42.13
35135,6.692,-42.13
35144,6.701,-42.13
35154,6.711,-42.13
35165,6.722,-42.13
35175,6.732,-42.13
35184,6.741,-42.13
35194,6.751,-42.13
35205,6.762,-42.13
35215,6.772,-42.13
35225,6.782,-42.13
35234,6.791,-42.31
35245,6.802,-42.31
35255,6.812,-42.13
35265,6.822,-42.13
35274,6.831,-42.13
35284,6.841,-42.13
35295,6.852,-42.13
35305,6.862,-42.13
35315,6.872,-41.95
35324,6.881,-41.76
35335,6.892,-41.76
35345,6.902,-41.76
35355,6.912,-41.58
35364,6.921,-41.4
35375,6.932,-41.4
35385,6.942,-41.4
35395,6.952,-41.4
35404,6.961,-41.4
35415,6.972,-41.4
35425,6.982,-41.4
35435,6.992,-41.4
35444,7.001,-41.4
35454,7.011,-41.21
35465,7.022,-41.03
35475,7.032,-41.03
35485,7.042,-41.03
35494,7.051,-41.03
35505,7.062,-41.03
35515,7.072,-41.03
35525,7.082,-41.03
35534,7.091,-41.03
35545,7.102,-41.03
35555,7.112,-40.85
35565,7.122,-40.67
35574,7.131,-40.67
35585,7.142,-40.67
35595,7.152,-40.67
35605,7.162,-40.67
35615,7.172,-40.48
35624,7.181,-40.48
35635,7.192,-40.3
35645,7.202,-40.12
35655,7.212,-40.12
35664,7.221,-39.94
35675,7.232,-39.94
35685,7.242,-39.94
35695,7.252,-39.94
35704,7.261,-39.94
35715,7.272,-39.94
35725,7.282,-39.94
35735,7.292,-39.94
35745,7.302,-39.94
35755,7.312,-39.75
35765,7.322,-39.57
35775,7.332,-39.57
35785,7.342,-39.57
35794,7.351,-39.57
35805,7.362,-39.57
35815,7.372,-39.57
35825,7.382,-39.57
35834,7.391,-39.57
35845,7.402,-39.57
35855,7.412,-39.57
35865,7.422,-39.57
35875,7.432,-39.57
35885,7.442,-39.57
35895,7.452,-39.57
35905,7.462,-39.57
35915,7.472,-39.57
35924,7.481,-39.57
35935,7.492,-39.57
35945,7.502,-39.39
35955,7.512,-39.2
35964,7.521,-39.2
35975,7.532,-39.2
35985,7.542,-39.2
35995,7.552,-39.2
36005,7.562,-39.2
36015,7.572,-39.2
36025,7.582,-39.2
36035,7.592,-39.2
36045,7.602,-39.2
36055,7.612,-39.2
36065,7.622,-39.2
36075,7.632,-39.2
36085,7.642,-39.2
36094,7.651,-39.2
36105,7.662,-39.02
36115,7.672,-38.84
36125,7.682,-38.84
36135,7.692,-38.84
36145,7.702,-38.84
36155,7.712,-38.66
36165,7.722,-38.66
36175,7.732,-38.84
36185,7.742,-38.84
36195,7.752,-38.66
36205,7.762,-38.66
36215,7.772,-38.66
36225,7.782,-38.47
36235,7.792,-38.47
36245,7.802,-38.47
36255,7.812,-38.47
36265,7.822,-38.47
36275,7.832,-38.29
36285,7.842,-38.29
36295,7.852,-38.47
36305,7.862,-38.47
36315,7.872,-38.47
36325,7.882,-38.29
36335,7.892,-38.11
36345,7.902,-37.92
36355,7.912,-37.92
36365,7.922,-38.11
36375,7.932,-38.11
36385,7.942,-38.11
36395,7.952,-38.11
36405,7.962,-38.11
36415,7.972,-38.11
36425,7.982,-38.11
36435,7.992,-37.92
36445,8.002,-37.74
36455,8.012,-37.74
36465,8.022,-37.74
36475,8.032,-37.74
36485,8.042,-37.74
36495,8.052,-37.74
36505,8.062,-37.74
36515,8.072,-37.74
36525,8.082,-37.74
36535,8.092,-37.56
36545,8.102,-37.38
36555,8.112,-37.38
36566,8.123,-37.38
36575,8.132,-37.38
36585,8.142,-37.38
36595,8.152,-37.38
36605,8.162,-37.19
36615,8.172,-37.01
36625,8.182,-37.01
36635,8.192,-36.83
36645,8.202,-36.83
36655,8.212,-36.83
36665,8.222,-36.64
36675,8.232,-36.64
36685,8.242,-36.64
36696,8.253,-36.64
36705,8.262,-36.46
36715,8.272,-36.28
36725,8.282,-36.1
36736,8.293,-36.1
36745,8.302,-36.1
36755,8.312,-35.91
36765,8.322,-35.91
36775,8.332,-35.91
36785,8.342,-35.91
36795,8.352,-35.73
36805,8.362,-35.55
36815,8.372,-35.55
36826,8.383,-35.37
36835,8.392,-35.37
36845,8.402,-35.37
36855,8.412,-35.18
36866,8.423,-35.18
36875,8.432,-35.18
36885,8.442,-35.18
36895,8.452,-35.18
36905,8.462,-35.18
36915,8.472,-35.18
36925,8.482,-35.18
36935,8.492,-35.18
36945,8.502,-35.18
36955,8.512,-35.18
36965,8.522,-35.18
36975,8.532,-35.18
36985,8.542,-35.18
36996,8.553,-35.18
37005,8.562,-35.18
37015,8.572,-35.18
37025,8.582,-35.18
37036,8.593,-35.18
37045,8.602,-35.18
37055,8.612,-35.18
37065,8.622,-35
37075,8.632,-34.82
37086,8.643,-35
37095,8.652,-35
37105,8.662,-34.82
37115,8.672,-34.82
37126,8.683,-34.82
37135,8.692,-34.82
37145,8.702,-34.82
37155,8.712,-34.82
37166,8.723,-34.82
37175,8.732,-34.63
37185,8.742,-34.45
37195,8.752,-34.45
37206,8.763,-34.27
37215,8.772,-34.27
37225,8.782,-34.45
37235,8.792,-34.45
37245,8.802,-34.45
37256,8.813,-34.45
37265,8.822,-34.45
37275,8.832,-34.45
37285,8.842,-34.45
37296,8.853,-34.45
37305,8.862,-34.45
37315,8.872,-34.27
37325,8.882,-34.27
37336,8.893,-34.27
37345,8.902,-34.09
37355,8.912,-34.09
37365,8.922,-34.09
37376,8.933,-34.09
37386,8.943,-34.09
37395,8.952,-34.09
37405,8.962,-34.09
37415,8.972,-34.09
37426,8.983,-34.09
37435,8.992,-34.09
37445,9.002,-34.09
37455,9.012,-34.09
37466,9.023,-34.09
37475,9.032,-34.09
37485,9.042,-33.9
37495,9.052,-33.9
37506,9.063,-34.09
37516,9.073,-34.09
37525,9.082,-34.09
37535,9.092,-34.09
37545,9.102,-34.09
37556,9.113,-34.09
37565,9.122,-34.09
37575,9.132,-34.09
37585,9.142,-33.9
37596,9.153,-33.72
37605,9.162,-33.9
37615,9.172,-33.9
37625,9.182,-33.9
37636,9.193,-34.09
37645,9.202,-34.09
37655,9.212,-34.09
37665,9.222,-33.9
37676,9.233,-33.9
37686,9.243,-34.09
37695,9.252,-34.09
37705,9.262,-34.09
37715,9.272,-33.9
37726,9.283,-33.72
37735,9.292,-33.9
37745,9.302,-33.9
37755,9.312,-33.9
37766,9.323,-34.09
37776,9.333,-33.9
37785,9.342,-33.9
37795,9.352,-34.09
37806,9.363,-34.09
37816,9.373,-33.9
37825,9.382,-33.9
37835,9.392,-34.09
37846,9.403,-34.09
37856,9.413,-34.09
37865,9.422,-34.09
37875,9.432,-34.09
37885,9.442,-34.09
37896,9.453,-34.09
37906,9.463,-33.9
37915,9.472,-33.72
37925,9.482,-33.72
37936,9.493,-33.72
37946,9.503,-33.72
37955,9.512,-33.72
37965,9.522,-33.72
37976,9.533,-33.72
37986,9.543,-33.72
37995,9.552,-33.72
38005,9.562,-33.72
38016,9.573,-33.72
38026,9.583,-33.54
38035,9.592,-33.35
38045,9.602,-33.35
38055,9.612,-33.35
38066,9.623,-33.35
38076,9.633,-33.17
38085,9.642,-32.81
38095,9.652,-32.62
38106,9.663,-32.62
38116,9.673,-32.62
38125,9.682,-32.62
38135,9.692,-32.62
38146,9.703,-32.62
38156,9.713,-32.26
38165,9.722,-31.89
38175,9.732,-31.89
38185,9.742,-31.71
38196,9.753,-31.34
38206,9.763,-31.16
38215,9.772,-31.16
38225,9.782,-30.98
38236,9.793,-30.8
38246,9.803,-30.61
38255,9.812,-30.43
38265,9.822,-30.43
38276,9.833,-30.43
38286,9.843,-30.43
38295,9.852,-30.43
38305,9.862,-30.43
38316,9.873,-30.43
38326,9.883,-30.25
38336,9.893,-30.06
38345,9.902,-30.06
38355,9.912,-30.06
38366,9.923,-30.06
38376,9.933,-30.06
38385,9.942,-30.06
38395,9.952,-30.06
38406,9.963,-30.06
38416,9.973,-30.06
38425,9.982,-30.06
38435,9.992,-30.06
38446,10.003,-30.06
38456,10.013,-30.06
38465,10.022,-30.25
38475,10.032,-30.25
38486,10.043,-30.06
38496,10.053,-30.06
38506,10.063,-30.06
38515,10.072,-30.06
38525,10.082,-30.25
38536,10.093,-30.25
38546,10.103,-30.06
38555,10.112,-30.06
38565,10.122,-30.06
38576,10.133,-30.06
38586,10.143,-30.06
38595,10.152,-30.06
38605,10.162,-30.06
38616,10.173,-30.06
38626,10.183,-30.06
38636,10.193,-30.06
38645,10.202,-30.06
38656,10.213,-30.06
38666,10.223,-30.06
38676,10.233,-30.06
38685,10.242,-30.25
38695,10.252,-30.25
38706,10.263,-30.06
38716,10.273,-29.88
38725,10.282,-29.88
38735,10.292,-30.06
38746,10.303,-30.06
38756,10.313,-30.06
38766,10.323,-30.06
38775,10.332,-30.06
38786,10.343,-30.06
38796,10.353,-30.06
38806,10.363,-30.06
38815,10.372,-30.06
38825,10.382,-30.06
38836,10.393,-30.06
38846,10.403,-30.06
38855,10.412,-30.06
38865,10.422,-30.06
38876,10.433,-30.06
38886,10.443,-30.06
38896,10.453,-30.06
38905,10.462,-30.06
38916,10.473,-30.06
38926,10.483,-30.06
38936,10.493,-30.06
38945,10.502,-30.06
38956,10.513,-30.06
38966,10.523,-30.06
38976,10.533,-30.06
38985,10.542,-30.06
38995,10.552,-30.06
39006,10.563,-30.06
39016,10.573,-30.06
39026,10.583,-30.06
39035,10.592,-30.06
39046,10.603,-30.06
39056,10.613,-29.88
39066,10.623,-29.88
39075,10.632,-30.06
39086,10.643,-29.88
39096,10.653,-29.7
39106,10.663,-29.7
39115,10.672,-29.7
39126,10.683,-29.7
39136,10.693,-29.52
39146,10.703,-29.52
39156,10.713,-29.52
39165,10.722,-29.33
39176,10.733,-29.33
39186,10.743,-29.33
39196,10.753,-29.33
39205,10.762,-29.33
39216,10.773,-29.33
39226,10.783,-29.33
39236,10.793,-29.15
39245,10.802,-28.97
39256,10.813,-28.97
39266,10.823,-28.97
39276,10.833,-28.97
39285,10.842,-28.97
39296,10.853,-28.78
39306,10.863,-28.6
39316,10.873,-28.6
39326,10.883,-28.6
39335,10.892,-28.6
39346,10.903,-28.42
39356,10.913,-28.24
39366,10.923,-28.24
39375,10.932,-28.24
39386,10.943,-28.24
39396,10.953,-28.24
39406,10.963,-28.24
39415,10.972,-28.24
39426,10.983,-28.24
39436,10.993,-28.24
39446,11.003,-28.24
39456,11.013,-28.24
39465,11.022,-28.24
39476,11.033,-28.24
39486,11.043,-28.05
39496,11.053,-27.87
39505,11.062,-27.87
39516,11.073,-27.87
39526,11.083,-27.87
39536,11.093,-28.05
39545,11.102,-28.24
39556,11.113,-28.24
39566,11.123,-28.05
39576,11.133,-27.87
39586,11.143,-27.87
39596,11.153,-27.87
39606,11.163,-27.87
39616,11.173,-27.87
39626,11.183,-27.87
39635,11.192,-27.87
39646,11.203,-27.87
39656,11.213,-27.87
39666,11.223,-27.87
39675,11.232,-27.87
39686,11.243,-27.87
39696,11.253,-27.87
39706,11.263,-27.87
39716,11.273,-27.87
39726,11.283,-27.87
39736,11.293,-27.87
39746,11.303,-27.87
39756,11.313,-27.87
39766,11.323,-27.87
39776,11.333,-27.87
39786,11.343,-27.87
39796,11.353,-27.87
39805,11.362,-27.87
39816,11.373,-27.87
39826,11.383,-27.87
39836,11.393,-27.87
39846,11.403,-27.87
39856,11.413,-27.87
39866,11.423,-27.69
39876,11.433,-27.69
39886,11.443,-27.87
39896,11.453,-27.87
39906,11.463,-27.87
39916,11.473,-27.87
39926,11.483,-27.87
39936,11.493,-27.87
39946,11.503,-27.87
39956,11.513,-27.87
39966,11.523,-27.87
39975,11.532,-27.87
39986,11.543,-27.87
39996,11.553,-27.87
40006,11.563,-27.87
40016,11.573,-27.87
40026,11.583,-27.69
40036,11.593,-27.69
40046,11.603,-27.87
40056,11.613,-27.87
40066,11.623,-27.69
40076,11.633,-27.69
40086,11.643,-27.69
40096,11.653,-27.5
40105,11.662,-27.5
40116,11.673,-27.5
40126,11.683,-27.5
40136,11.693,-27.5
40146,11.703,-27.5
40156,11.713,-27.5
40166,11.723,-27.5
40176,11.733,-27.5
40186,11.743,-27.5
40196,11.753,-27.32
40206,11.763,-27.32
40216,11.773,-27.5
40226,11.783,-27.5
40236,11.793,-27.5
40246,11.803,-27.5
40256,11.813,-27.5
40266,11.823,-27.5
40276,11.833,-27.5
40286,11.843,-27.5
40296,11.853,-27.5
40306,11.863,-27.5
40316,11.873,-27.5
40326,11.883,-27.32
40336,11.893,-27.14
40346,11.903,-27.14
40356,11.913,-27.14
40366,11.923,-27.14
40376,11.933,-27.14
40386,11.943,-27.14
40396,11.953,-27.14
40407,11.964,-27.14
40416,11.973,-26.96
40426,11.983,-26.77
40436,11.993,-26.77
40446,12.003,-26.77
40456,12.013,-26.77
40466,12.023,-26.77
40476,12.033,-26.59
40486,12.043,-26.41
40496,12.053,-26.41
40506,12.063,-26.41
40516,12.073,-26.23
40526,12.083,-26.04
40537,12.094,-26.04
40546,12.103,-26.04
40556,12.113,-25.86
40566,12.123,-25.68
40577,12.134,-25.68
40586,12.143,-25.49
40596,12.153,-25.31
40606,12.163,-25.13
40616,12.173,-24.95
40626,12.183,-24.95
40636,12.193,-24.95
40646,12.203,-24.95
40656,12.213,-24.76
40667,12.224,-24.58
40676,12.233,-24.58
40686,12.243,-24.58
40696,12.253,-24.58
40707,12.264,-24.58
40716,12.273,-24.58
40726,12.283,-24.58
40736,12.293,-24.4
40747,12.304,-24.21
40756,12.313,-24.21
40766,12.323,-24.21
40776,12.333,-24.21
40786,12.343,-24.21
40796,12.353,-24.21
40806,12.363,-24.21
40816,12.373,-24.21
40826,12.383,-24.21
40837,12.394,-24.21
40846,12.403,-24.21
40856,12.413,-24.21
40866,12.423,-24.21
40877,12.434,-24.21
40886,12.443,-24.21
40896,12.453,-24.21
40906,12.463,-24.21
40916,12.473,-24.21
40926,12.483,-24.21
40936,12.493,-24.21
40946,12.503,-24.21
40956,12.513,-24.21
40967,12.524,-24.21
40976,12.533,-24.21
40986,12.543,-24.21
40996,12.553,-24.21
41007,12.564,-24.21
41016,12.573,-24.4
41026,12.583,-24.4
41036,12.593,-24.21
41047,12.604,-24.21
41056,12.613,-24.4
41066,12.623,-24.4
41076,12.633,-24.4
41086,12.643,-24.4
41097,12.654,-24.21
41106,12.663,-24.21
41116,12.673,-24.21
41126,12.683,-24.21
41137,12.694,-24.21
41146,12.703,-24.21
41156,12.713,-24.21
41166,12.723,-24.21
41177,12.734,-24.21
41186,12.743,-24.21
41196,12.753,-24.21
41206,12.763,-24.21
41217,12.774,-24.21
41227,12.784,-24.21
41236,12.793,-24.21
41246,12.803,-24.21
41256,12.813,-24.21
41267,12.824,-24.21
41276,12.833,-24.21
41286,12.843,-24.21
41296,12.853,-24.21
41307,12.864,-24.21
41316,12.873,-24.21
41326,12.883,-24.21
41336,12.893,-24.21
41347,12.904,-24.21
41357,12.914,-24.21
41366,12.923,-24.21
41376,12.933,-24.21
41387,12.944,-24.21
41397,12.954,-24.21
41406,12.963,-24.21
41416,12.973,-24.21
41426,12.983,-24.21
41437,12.994,-24.21
41446,13.003,-24.21
41456,13.013,-24.21
41466,13.023,-24.21
41477,13.034,-24.21
41487,13.044,-24.21
41496,13.053,-24.21
41506,13.063,-24.21
41517,13.074,-24.21
41527,13.084,-24.21
41536,13.093,-24.21
41546,13.103,-24.21
41556,13.113,-24.03
41567,13.124,-23.85
41576,13.133,-23.67
41586,13.143,-23.67
41596,13.153,-23.85
41607,13.164,-23.67
41617,13.174,-23.48
41626,13.183,-23.48
41636,13.193,-23.48
41647,13.204,-23.48
41657,13.214,-23.48
41666,13.223,-23.48
41676,13.233,-23.48
41687,13.244,-23.3
41697,13.254,-23.12
41706,13.263,-23.12
41716,13.273,-23.12
41726,13.283,-22.93
41737,13.294,-22.75
41747,13.304,-22.75
41756,13.313,-22.75
41766,13.323,-22.75
41777,13.334,-22.75
41787,13.344,-22.57
41796,13.353,-22.57
41806,13.363,-22.57
41817,13.374,-22.39
41827,13.384,-22.57
41836,13.393,-22.39
41846,13.403,-22.02
41857,13.414,-22.02
41867,13.424,-21.84
41877,13.434,-21.66
41886,13.443,-21.66
41896,13.453,-21.66
41907,13.464,-21.47
41917,13.474,-21.29
41926,13.483,-21.29
41936,13.493,-21.11
41947,13.504,-20.92
41957,13.514,-20.92
41966,13.523,-20.92
41976,13.533,-20.56
41987,13.544,-20.38
41997,13.554,-20.56
42006,13.563,-20.38
42016,13.573,-20.19
42027,13.584,-20.19
42037,13.594,-20.19
42047,13.604,-20.19
42056,13.613,-20.19
42066,13.623,-20.19
42077,13.634,-20.19
42087,13.644,-20.19
42096,13.653,-20.19
42106,13.663,-20.19
42117,13.674,-20.19
42127,13.684,-20.19
42136,13.693,-20.19
42146,13.703,-20.19
42157,13.714,-20.19
42167,13.724,-20.19
42177,13.734,-20.19
42186,13.743,-20.19
42196,13.753,-20.19
42207,13.764,-20.19
42217,13.774,-20.19
42226,13.783,-20.19
42236,13.793,-20.19
42247,13.804,-20.19
42257,13.814,-20.19
42266,13.823,-20.19
42276,13.833,-20.19
42287,13.844,-20.19
42297,13.854,-20.19
42307,13.864,-20.19
42316,13.873,-20.19
42327,13.884,-20.19
42337,13.894,-20.19
42347,13.904,-20.19
42356,13.913,-20.19
42366,13.923,-20.19
42377,13.934,-20.19
42387,13.944,-20.19
42396,13.953,-20.19
42406,13.963,-20.19
42417,13.974,-20.19
42427,13.984,-20.19
42437,13.994,-20.19
42446,14.003,-20.19
42457,14.014,-20.19
42467,14.024,-20.19
42477,14.034,-20.19
42486,14.043,-20.19
42497,14.054,-20.19
42507,14.064,-20.19
42517,14.074,-20.19
42526,14.083,-20.19
42536,14.093,-20.19
42547,14.104,-20.19
42557,14.114,-20.19
42567,14.124,-20.01
42576,14.133,-20.01
42587,14.144,-20.19
42597,14.154,-20.19
42607,14.164,-20.19
42616,14.173,-20.19
42627,14.184,-20.19
42637,14.194,-20.01
42647,14.204,-20.01
42656,14.213,-20.19
42667,14.224,-20.19
42677,14.234,-20.19
42687,14.244,-20.19
42697,14.254,-20.19
42706,14.263,-20.19
42717,14.274,-20.19
42727,14.284,-20.19
42737,14.294,-20.19
42746,14.303,-20.19
42757,14.314,-20.19
42767,14.324,-20.19
42777,14.334,-20.19
42786,14.343,-20.19
42797,14.354,-20.19
42807,14.364,-20.19
42817,14.374,-20.19
42826,14.383,-20.19
42836,14.393,-20.19
42847,14.404,-20.19
42857,14.414,-20.01
42867,14.424,-20.01
42876,14.433,-20.19
42887,14.444,-20.19
42897,14.454,-20.19
42907,14.464,-20.19
42916,14.473,-20.19
42927,14.484,-20.19
42937,14.494,-20.19
42947,14.504,-20.19
42956,14.513,-20.19
42967,14.524,-20.19
42977,14.534,-20.19
42987,14.544,-20.19
42997,14.554,-20.19
43006,14.563,-20.19
43017,14.574,-20.19
43027,14.584,-20.01
43037,14.594,-19.83
43046,14.603,-19.83
43057,14.614,-19.83
43067,14.624,-19.83
43077,14.634,-19.83
43086,14.643,-19.83
43097,14.654,-19.83
43107,14.664,-19.83
43117,14.674,-19.83
43127,14.684,-19.83
43137,14.694,-19.83
43147,14.704,-19.83
43157,14.714,-19.83
43167,14.724,-19.83
43176,14.733,-19.83
43187,14.744,-19.83
43197,14.754,-19.64
43207,14.764,-19.46
43216,14.773,-19.46
43227,14.784,-19.46
43237,14.794,-19.1
43247,14.804,-18.91
43257,14.814,-18.91
43267,14.824,-18.91
43277,14.834,-19.1
43287,14.844,-18.91
43297,14.854,-18.91
43307,14.864,-19.1
43317,14.874,-19.1
43327,14.884,-19.1
43337,14.894,-19.1
43346,14.903,-18.91
43357,14.914,-18.73
43367,14.924,-18.73
43377,14.934,-18.73
43387,14.944,-18.73
43397,14.954,-18.73
43407,14.964,-18.73
43417,14.974,-18.73
43427,14.984,-18.73
43437,14.994,-18.73
43447,15.004,-18.73
43457,15.014,-18.73
43467,15.024,-18.73
43476,15.033,-18.73
43487,15.044,-18.73
43497,15.054,-18.55
43507,15.064,-18.36
43517,15.074,-18.36
43527,15.084,-18.36
43537,15.094,-18.36
43547,15.104,-18.36
43557,15.114,-18.36
43567,15.124,-18.36
43577,15.134,-18.36
43587,15.144,-18.36
43597,15.154,-18.18
43607,15.164,-18
43617,15.174,-18
43627,15.184,-18
43637,15.194,-18
43648,15.205,-18
43657,15.214,-18
43667,15.224,-18
43677,15.234,-18
43687,15.244,-18
43697,15.254,-18
43707,15.264,-18
43717,15.274,-18
43727,15.284,-18
43737,15.294,-18
43747,15.304,-18
43757,15.314,-18
43767,15.324,-18
43778,15.335,-18
43787,15.344,-18
43797,15.354,-18
43807,15.364,-18
43817,15.374,-18
43827,15.384,-18
43837,15.394,-18
43847,15.404,-18
43857,15.414,-18
43867,15.424,-18
43877,15.434,-17.82
43887,15.444,-17.63
43897,15.454,-17.63
43907,15.464,-17.63
43917,15.474,-17.63
43927,15.484,-17.63
43937,15.494,-17.63
43948,15.505,-17.63
43957,15.514,-17.45
43967,15.524,-17.27
43977,15.534,-17.27
43987,15.544,-17.27
43997,15.554,-17.09
44007,15.564,-16.9
44017,15.574,-16.9
44027,15.584,-16.9
44037,15.594,-16.9
44047,15.604,-16.9
44057,15.614,-16.72
44067,15.624,-16.54
44078,15.635,-16.72
44087,15.644,-16.72
44097,15.654,-16.54
44107,15.664,-16.54
44118,15.675,-16.54
44127,15.684,-16.54
44137,15.694,-16.54
44147,15.704,-16.35
44157,15.714,-16.17
44167,15.724,-16.17
44177,15.734,-16.17
44187,15.744,-16.17
44197,15.754,-16.17
44208,15.765,-16.35
44217,15.774,-16.35
44227,15.784,-16.17
44237,15.794,-16.17
44248,15.805,-16.17
44257,15.814,-16.17
44267,15.824,-16.17
44277,15.834,-16.17
44288,15.845,-16.17
44297,15.854,-15.99
44307,15.864,-15.81
44317,15.874,-15.81
44327,15.884,-15.99
44338,15.895,-16.17
44347,15.904,-15.99
44357,15.914,-15.81
44367,15.924,-15.81
44378,15.935,-15.81
44387,15.944,-15.81
44397,15.954,-15.81
44407,15.964,-15.81
44418,15.975,-15.81
44427,15.984,-15.81
44437,15.994,-15.81
44447,16.004,-15.81
44457,16.014,-15.81
44467,16.024,-15.81
44477,16.034,-15.81
44487,16.044,-15.81
44497,16.054,-15.81
44508,16.065,-15.81
44517,16.074,-15.81
44527,16.084,-15.81
44537,16.094,-15.81
44548,16.105,-15.81
44557,16.114,-15.81
44567,16.124,-15.81
44577,16.134,-15.81
44588,16.145,-15.81
44597,16.154,-15.81
44607,16.164,-15.81
44617,16.174,-15.81
44627,16.184,-15.81
44638,16.195,-15.81
44647,16.204,-15.81
44657,16.214,-15.81
44667,16.224,-15.81
44678,16.235,-15.81
44687,16.244,-15.81
44697,16.254,-15.81
44707,16.264,-15.81
44718,16.275,-15.81
44727,16.284,-15.81
44737,16.294,-15.81
44747,16.304,-15.81
44758,16.315,-15.99
44768,16.325,-15.99
44777,16.334,-15.81
44787,16.344,-15.81
44797,16.354,-15.81
44808,16.365,-15.81
44817,16.374,-15.81
44827,16.384,-15.81
44837,16.394,-15.81
44848,16.405,-15.81
44857,16.414,-15.81
44867,16.424,-15.81
44877,16.434,-15.81
44888,16.445,-15.81
44898,16.455,-15.81
44907,16.464,-15.81
44917,16.474,-15.99
44928,16.485,-15.99
44938,16.495,-15.81
44947,16.504,-15.81
44957,16.514,-15.81
44967,16.524,-15.81
44978,16.535,-15.81
44987,16.544,-15.81
44997,16.554,-15.81
45007,16.564,-15.81
45018,16.575,-15.81
45028,16.585,-15.81
45037,16.594,-15.99
45047,16.604,-15.99
45058,16.615,-15.81
45068,16.625,-15.81
45077,16.634,-15.81
45087,16.644,-15.81
45097,16.654,-15.81
45108,16.665,-15.81
45117,16.674,-15.99
45127,16.684,-15.99
45137,16.694,-15.81
45148,16.705,-15.81
45158,16.715,-15.81
45167,16.724,-15.81
45177,16.734,-15.81
45188,16.745,-15.81
45198,16.755,-15.81
45207,16.764,-15.81
45217,16.774,-15.81
45228,16.785,-15.81
45238,16.795,-15.81
45247,16.804,-15.81
45257,16.814,-15.81
45267,16.824,-15.81
45278,16.835,-15.81
45288,16.845,-15.81
45297,16.854,-15.81
45307,16.864,-15.81
45318,16.875,-15.81
45328,16.885,-15.81
45337,16.894,-15.81
45347,16.904,-15.81
45358,16.915,-15.81
45368,16.925,-15.81
45377,16.934,-15.81
45387,16.944,-15.81
45398,16.955,-15.81
45408,16.965,-15.81
45418,16.975,-15.81
45427,16.984,-15.81
45437,16.994,-15.81
45448,17.005,-15.81
45458,17.015,-15.81
45467,17.024,-15.62
45477,17.034,-15.62
45488,17.045,-15.62
45498,17.055,-15.26
45507,17.064,-15.07
45517,17.074,-15.07
45528,17.085,-14.89
45538,17.095,-14.71
45547,17.104,-14.71
45557,17.114,-14.53
45568,17.125,-14.34
45578,17.135,-14.34
45588,17.145,-14.16
45597,17.154,-13.98
45607,17.164,-13.79
45618,17.175,-13.61
45628,17.185,-13.43
45637,17.194,-13.25
45647,17.204,-13.06
45658,17.215,-12.88
45668,17.225,-12.7
45677,17.234,-12.33
45687,17.244,-12.15
45698,17.255,-11.97
45708,17.265,-11.78
45718,17.275,-11.78
45727,17.284,-11.78
45737,17.294,-11.78
45748,17.305,-11.78
45758,17.315,-11.78
45767,17.324,-11.6
45777,17.334,-11.42
45788,17.345,-11.42
45798,17.355,-11.42
45807,17.364,-11.42
45817,17.374,-11.42
45828,17.385,-11.42
45838,17.395,-11.42
45847,17.404,-11.42
45857,17.414,-11.42
45868,17.425,-11.42
45878,17.435,-11.42
45888,17.445,-11.42
45897,17.454,-11.42
45907,17.464,-11.42
45918,17.475,-11.42
45928,17.485,-11.42
45937,17.494,-11.05
45947,17.504,-11.05
45958,17.515,-11.42
45968,17.525,-11.42
45977,17.534,-11.42
45987,17.544,-11.42
45998,17.555,-11.42
46008,17.565,-11.42
46018,17.575,-11.42
46027,17.584,-11.42
46038,17.595,-11.42
46048,17.605,-11.42
46058,17.615,-11.42
46067,17.624,-11.42
46077,17.634,-11.42
46088,17.645,-11.42
46098,17.655,-11.42
46107,17.664,-11.42
46117,17.674,-11.42
46128,17.685,-11.42
46138,17.695,-11.42
46147,17.704,-11.42
46157,17.714,-11.42
46168,17.725,-11.42
46178,17.735,-11.42
46188,17.745,-11.42
46197,17.754,-11.42
46208,17.765,-11.42
46218,17.775,-11.42
46228,17.785,-11.24
46237,17.794,-11.24
46247,17.804,-11.42
46258,17.815,-11.42
46268,17.825,-11.42
46277,17.834,-11.42
46287,17.844,-11.42
46298,17.855,-11.42
46308,17.865,-11.42
46318,17.875,-11.42
46327,17.884,-11.42
46338,17.895,-11.42
46348,17.905,-11.42
46358,17.915,-11.42
46367,17.924,-11.42
46377,17.934,-11.42
46388,17.945,-11.42
46398,17.955,-11.42
46407,17.964,-11.42
46417,17.974,-11.42
46428,17.985,-11.42
46438,17.995,-11.42
46447,18.004,-11.42
46457,18.014,-11.42
46468,18.025,-11.42
46478,18.035,-11.42
46488,18.045,-11.42
46497,18.054,-11.42
46508,18.065,-11.42
46518,18.075,-11.42
46528,18.085,-11.42
46537,18.094,-11.24
46547,18.104,-11.05
46558,18.115,-11.24
46568,18.125,-11.42
46577,18.134,-11.42
46587,18.144,-11.42
46598,18.155,-11.42
46608,18.165,-11.42
46618,18.175,-11.42
46627,18.184,-11.42
46638,18.195,-11.42
46648,18.205,-11.42
46658,18.215,-11.42
46667,18.224,-11.42
46678,18.235,-11.42
46688,18.245,-11.42
46698,18.255,-11.42
46707,18.264,-11.42
46717,18.274,-11.42
46728,18.285,-11.42
46738,18.295,-11.42
46747,18.304,-11.42
46757,18.314,-11.42
46768,18.325,-11.42
46778,18.335,-11.42
46788,18.345,-11.42
46797,18.354,-11.42
46808,18.365,-11.42
46818,18.375,-11.42
46828,18.385,-11.42
46837,18.394,-11.42
46848,18.405,-11.42
46858,18.415,-11.42
46868,18.425,-11.42
46877,18.434,-11.42
46887,18.444,-11.42
46898,18.455,-11.42
46908,18.465,-11.42
46918,18.475,-11.42
46927,18.484,-11.42
46938,18.495,-11.42
46948,18.505,-11.42
46958,18.515,-11.42
46967,18.524,-11.42
46978,18.535,-11.42
46988,18.545,-11.42
46998,18.555,-11.42
47007,18.564,-11.42
47017,18.574,-11.42
47028,18.585,-11.42
47038,18.595,-11.42
47047,18.604,-11.42
47057,18.614,-11.42
47068,18.625,-11.42
47078,18.635,-11.42
47088,18.645,-11.42
47097,18.654,-11.42
47108,18.665,-11.42
47118,18.675,-11.42
47128,18.685,-11.42
47137,18.694,-11.42
47148,18.705,-11.42
47158,18.715,-11.42
47168,18.725,-11.42
47177,18.734,-11.42
47187,18.744,-11.42
47198,18.755,-11.42
47208,18.765,-11.42
47218,18.775,-11.42
47227,18.784,-11.42
47238,18.795,-11.42
47248,18.805,-11.42
47258,18.815,-11.42
47267,18.824,-11.42
47278,18.835,-11.42
47288,18.845,-11.42
47298,18.855,-11.42
47307,18.864,-11.42
47318,18.875,-11.42
47328,18.885,-11.42
47338,18.895,-11.42
47347,18.904,-11.42
47357,18.914,-11.42
47368,18.925,-11.42
47378,18.935,-11.42
47388,18.945,-11.42
47397,18.954,-11.42
47408,18.965,-11.24
47418,18.975,-11.24
47428,18.985,-11.42
47437,18.994,-11.42
47448,19.005,-11.42
47458,19.015,-11.42
47468,19.025,-11.24
47477,19.034,-11.24
47488,19.045,-11.42
47498,19.055,-11.42
47508,19.065,-11.42
47517,19.074,-11.42
47527,19.084,-11.42
47538,19.095,-11.42
47548,19.105,-11.42
47558,19.115,-11.42
47567,19.124,-11.42
47578,19.135,-11.42
47588,19.145,-11.42
47598,19.155,-11.6
47607,19.164,-11.6
47618,19.175,-11.42
47628,19.185,-11.42
47638,19.195,-11.42
47647,19.204,-11.42
47657,19.214,-11.42
47668,19.225,-11.42
47678,19.235,-11.42
47688,19.245,-11.42
47697,19.254,-11.42
47708,19.265,-11.42
47718,19.275,-11.42
47728,19.285,-11.42
47737,19.294,-11.42
47748,19.305,-11.42
47758,19.315,-11.24
47768,19.325,-11.24
47777,19.334,-11.42
47788,19.345,-11.42
47798,19.355,-11.42
47808,19.365,-11.42
47817,19.374,-11.42
47827,19.384,-11.42
47838,19.395,-11.24
47848,19.405,-11.24
47858,19.415,-11.42
47867,19.424,-11.42
47878,19.435,-11.42
47888,19.445,-11.42
47898,19.455,-11.42
47907,19.464,-11.42
47918,19.475,-11.42
47928,19.485,-11.42
47938,19.495,-11.42
47947,19.504,-11.42
47958,19.515,-11.42
47968,19.525,-11.42
47978,19.535,-11.42
47987,19.544,-11.42
47997,19.554,-11.42
48008,19.565,-11.42
48018,19.575,-11.42
48028,19.585,-11.42
48037,19.594,-11.42
48048,19.605,-11.42
48058,19.615,-11.42
48068,19.625,-11.42
48077,19.634,-11.42
48088,19.645,-11.42
48098,19.655,-11.42
48108,19.665,-11.42
48117,19.674,-11.42
48128,19.685,-11.42
48138,19.695,-11.42
48148,19.705,-11.42
48158,19.715,-11.42
48167,19.724,-11.42
48178,19.735,-11.42
48188,19.745,-11.42
48198,19.755,-11.42
48207,19.764,-11.42
48218,19.775,-11.24
48228,19.785,-11.05
48238,19.795,-11.05
48247,19.804,-11.05
48258,19.815,-11.05
48268,19.825,-10.87
48278,19.835,-10.69
48288,19.845,-10.5
48297,19.854,-10.14
48308,19.865,-10.14
48318,19.875,-10.14
48328,19.885,-9.96
48337,19.894,-9.96
48348,19.905,-9.96
48358,19.915,-9.96
48368,19.925,-9.77
48377,19.934,-9.59
48388,19.945,-9.59
48398,19.955,-9.59
48408,19.965,-9.59
48417,19.974,-9.41
48428,19.985,-9.22
48438,19.995,-9.22
48448,20.005,-9.22
48458,20.015,-9.22
48467,20.024,-9.22
48478,20.035,-9.22
48488,20.045,-9.22
48498,20.055,-9.22
48507,20.064,-9.22
48518,20.075,-9.22
48528,20.085,-9.22
48538,20.095,-9.22
48547,20.104,-9.22
48558,20.115,-9.22
48568,20.125,-9.22
48578,20.135,-9.22
48588,20.145,-9.22
48598,20.155,-9.22
48608,20.165,-9.22
48618,20.175,-9.22
48628,20.185,-9.04
48637,20.194,-8.86
48648,20.205,-9.04
48658,20.215,-9.22
48668,20.225,-9.22
48677,20.234,-9.22
48688,20.245,-9.22
48698,20.255,-9.22
48708,20.265,-9.22
48717,20.274,-9.22
48728,20.285,-9.22
48738,20.295,-9.22
48748,20.305,-9.22
48758,20.315,-9.22
48768,20.325,-9.22
48778,20.335,-9.22
48788,20.345,-9.22
48798,20.355,-9.04
48807,20.364,-9.04
48818,20.375,-9.22
48828,20.385,-9.22
48838,20.395,-9.22
48847,20.404,-9.22
48858,20.415,-9.22
48868,20.425,-9.04
48878,20.435,-9.04
48888,20.445,-9.22
48898,20.455,-9.22
48908,20.465,-9.22
48918,20.475,-9.22
48928,20.485,-9.04
48937,20.494,-9.22
48948,20.505,-9.41
48958,20.515,-9.22
48968,20.525,-9.22
48977,20.534,-9.22
48988,20.545,-9.22
48998,20.555,-9.22
49008,20.565,-9.22
49017,20.574,-9.22
49028,20.585,-9.22
49038,20.595,-9.22
49048,20.605,-9.22
49058,20.615,-9.22
49068,20.625,-9.22
49078,20.635,-9.22
49088,20.645,-9.22
49098,20.655,-9.22
49107,20.664,-9.22
49118,20.675,-9.22
49128,20.685,-9.04
49138,20.695,-9.04
49147,20.704,-9.22
49158,20.715,-9.22
49168,20.725,-9.22
49178,20.735,-9.22
49188,20.745,-9.22
49198,20.755,-9.04
49208,20.765,-9.04
49218,20.775,-9.22
49228,20.785,-9.22
49238,20.795,-9.22
49248,20.805,-9.22
49258,20.815,-9.22
49268,20.825,-9.22
49277,20.834,-9.22
49288,20.845,-9.22
49298,20.855,-9.22
49308,20.865,-9.22
49317,20.874,-9.22
49328,20.885,-9.22
49338,20.895,-9.22
49348,20.905,-9.22
49358,20.915,-9.22
49368,20.925,-9.22
49378,20.935,-9.22
49388,20.945,-9.22
49398,20.955,-9.22
49408,20.965,-9.22
49418,20.975,-9.22
49428,20.985,-9.22
49438,20.995,-9.22
49447,21.004,-9.22
49458,21.015,-9.22
49468,21.025,-9.22
49478,21.035,-9.22
49488,21.045,-9.22
49498,21.055,-9.22
49508,21.065,-9.22
49518,21.075,-9.22
49528,21.085,-9.22
49538,21.095,-9.22
49548,21.105,-9.22
49558,21.115,-9.22
49568,21.125,-9.22
49577,21.134,-9.22
49588,21.145,-9.22
49598,21.155,-9.22
49608,21.165,-9.22
49617,21.174,-9.22
49628,21.185,-9.22
49638,21.195,-9.22
49648,21.205,-9.22
49658,21.215,-9.22
49668,21.225,-9.22
49678,21.235,-9.22
49688,21.245,-9.22
49698,21.255,-9.04
49708,21.265,-8.86
49718,21.275,-8.86
49728,21.285,-8.86
49738,21.295,-8.86
49747,21.304,-8.86
49758,21.315,-8.86
49768,21.325,-8.86
49778,21.335,-8.86
49788,21.345,-8.86
49798,21.355,-8.68
49808,21.365,-8.68
49818,21.375,-8.86
49828,21.385,-8.86
49838,21.395,-8.68
49848,21.405,-8.68
49858,21.415,-8.68
49868,21.425,-8.49
49878,21.435,-8.49
49888,21.445,-8.68
49898,21.455,-8.68
49908,21.465,-8.49
49917,21.474,-8.49
49928,21.485,-8.49
49938,21.495,-8.49
49948,21.505,-8.49
49958,21.515,-8.49
49968,21.525,-8.49
49978,21.535,-8.49
49988,21.545,-8.49
49998,21.555,-8.49
50008,21.565,-8.49
50018,21.575,-8.49
50028,21.585,-8.49
50038,21.595,-8.49
50048,21.605,-8.49
50058,21.615,-8.49
50068,21.625,-8.49
50078,21.635,-8.49
50088,21.645,-8.49
50098,21.655,-8.49
50108,21.665,-8.49
50118,21.675,-8.49
50128,21.685,-8.49
50138,21.695,-8.49
50148,21.705,-8.49
50158,21.715,-8.49
50168,21.725,-8.49
50178,21.735,-8.49
50188,21.745,-8.49
50198,21.755,-8.49
50208,21.765,-8.49
50217,21.774,-8.49
50228,21.785,-8.49
50238,21.795,-8.49
50248,21.805,-8.49
50258,21.815,-8.49
50268,21.825,-8.49
50278,21.835,-8.49
50288,21.845,-8.49
50298,21.855,-8.49
50308,21.865,-8.49
50318,21.875,-8.49
50328,21.885,-8.49
50338,21.895,-8.49
50348,21.905,-8.49
50358,21.915,-8.68
50368,21.925,-8.68
50378,21.935,-8.49
50388,21.945,-8.49
50398,21.955,-8.49
50408,21.965,-8.49
50418,21.975,-8.49
50428,21.985,-8.49
50438,21.995,-8.49
50448,22.005,-8.49
50458,22.015,-8.49
50468,22.025,-8.49
50478,22.035,-8.49
50488,22.045,-8.49
50498,22.055,-8.49
50508,22.065,-8.49
50518,22.075,-8.49
50528,22.085,-8.49
50538,22.095,-8.49
50548,22.105,-8.49
50558,22.115,-8.49
50568,22.125,-8.49
50578,22.135,-8.49
50588,22.145,-8.49
50598,22.155,-8.49
50608,22.165,-8.49
50618,22.175,-8.49
50628,22.185,-8.49
50638,22.195,-8.49
50648,22.205,-8.49
50658,22.215,-8.49
50668,22.225,-8.49
50678,22.235,-8.49
50689,22.246,-8.49
50698,22.255,-8.49
50708,22.265,-8.49
50718,22.275,-8.49
50728,22.285,-8.49
50738,22.295,-8.49
50748,22.305,-8.49
50758,22.315,-8.49
50768,22.325,-8.49
50778,22.335,-8.49
50788,22.345,-8.49
50798,22.355,-8.49
50808,22.365,-8.49
50818,22.375,-8.49
50828,22.385,-8.49
50838,22.395,-8.49
50848,22.405,-8.49
50859,22.416,-8.49
50868,22.425,-8.49
50878,22.435,-8.31
50888,22.445,-7.95
50898,22.455,-7.76
50908,22.465,-7.76
50918,22.475,-7.76
50928,22.485,-7.58
50938,22.495,-7.4
50948,22.505,-7.4
50958,22.515,-7.21
50968,22.525,-7.03
50978,22.535,-7.03
50988,22.545,-7.03
50998,22.555,-6.85
51008,22.565,-6.67
51018,22.575,-6.48
51028,22.585,-6.3
51038,22.595,-6.3
51048,22.605,-6.3
51058,22.615,-6.3
51068,22.625,-6.3
51078,22.635,-6.12
51088,22.645,-5.93
51098,22.655,-5.93
51108,22.665,-5.75
51118,22.675,-5.57
51128,22.685,-5.57
51138,22.695,-5.57
51148,22.705,-5.57
51159,22.716,-5.75
51168,22.725,-5.75
51178,22.735,-5.57
51188,22.745,-5.57
51198,22.755,-5.57
51208,22.765,-5.57
51218,22.775,-5.57
51228,22.785,-5.57
51238,22.795,-5.57
51248,22.805,-5.57
51258,22.815,-5.57
51268,22.825,-5.57
51278,22.835,-5.57
51289,22.846,-5.57
51298,22.855,-5.57
51308,22.865,-5.57
51318,22.875,-5.57
51329,22.886,-5.57
51338,22.895,-5.57
51348,22.905,-5.57
51358,22.915,-5.57
51368,22.925,-5.57
51378,22.935,-5.57
51388,22.945,-5.57
51398,22.955,-5.57
51408,22.965,-5.57
51418,22.975,-5.57
51428,22.985,-5.57
51438,22.995,-5.57
51448,23.005,-5.57
51459,23.016,-5.57
51468,23.025,-5.57
51478,23.035,-5.57
51488,23.045,-5.57
51499,23.056,-5.57
51508,23.065,-5.57
51518,23.075,-5.57
51528,23.085,-5.39
51538,23.095,-5.39
51548,23.105,-5.57
51558,23.115,-5.57
51568,23.125,-5.57
51578,23.135,-5.57
51588,23.145,-5.57
51598,23.155,-5.57
51608,23.165,-5.57
51618,23.175,-5.57
51629,23.186,-5.57
51638,23.195,-5.57
51648,23.205,-5.57
51658,23.215,-5.57
51668,23.225,-5.57
51678,23.235,-5.57
51688,23.245,-5.57
51698,23.255,-5.57
51708,23.265,-5.57
51718,23.275,-5.57
51728,23.285,-5.57
51738,23.295,-5.57
51748,23.305,-5.57
51759,23.316,-5.57
51768,23.325,-5.39
51778,23.335,-5.39
51788,23.345,-5.57
51799,23.356,-5.57
51808,23.365,-5.57
51818,23.375,-5.57
51828,23.385,-5.57
51838,23.395,-5.57
51848,23.405,-5.57
51858,23.415,-5.57
51868,23.425,-5.39
51878,23.435,-5.39
51889,23.446,-5.57
51898,23.455,-5.57
51908,23.465,-5.57
51918,23.475,-5.57
51929,23.486,-5.57
51938,23.495,-5.57
51948,23.505,-5.57
51958,23.515,-5.57
51969,23.526,-5.57
51978,23.535,-5.57
51988,23.545,-5.57
51998,23.555,-5.57
52008,23.565,-5.57
52018,23.575,-5.57
52028,23.585,-5.57
52038,23.595,-5.57
52048,23.605,-5.57
52059,23.616,-5.57
52068,23.625,-5.57
52078,23.635,-5.57
52088,23.645,-5.57
52099,23.656,-5.57
52108,23.665,-5.57
52118,23.675,-5.75
52128,23.685,-5.75
52139,23.696,-5.57
52148,23.705,-5.57
52158,23.715,-5.57
52168,23.725,-5.57
52178,23.735,-5.57
52189,23.746,-5.57
52198,23.755,-5.57
52208,23.765,-5.57
52218,23.775,-5.75
52229,23.786,-5.75
52238,23.795,-5.57
52248,23.805,-5.57
52258,23.815,-5.57
52269,23.826,-5.57
52278,23.835,-5.57
52288,23.845,-5.57
52298,23.855,-5.39
52308,23.865,-5.39
52319,23.876,-5.57
52328,23.885,-5.57
52338,23.895,-5.57
52348,23.905,-5.57
52359,23.916,-5.57
52368,23.925,-5.57
52378,23.935,-5.57
52388,23.945,-5.57
52399,23.956,-5.57
52408,23.965,-5.57
52418,23.975,-5.57
52428,23.985,-5.57
52439,23.996,-5.57
52448,24.005,-5.57
52458,24.015,-5.57
52468,24.025,-5.57
52478,24.035,-5.57
52489,24.046,-5.57
52498,24.055,-5.57
52508,24.065,-5.57
52518,24.075,-5.57
52529,24.086,-5.39
52538,24.095,-5.39
52548,24.105,-5.57
52558,24.115,-5.57
52569,24.126,-5.57
52578,24.135,-5.57
52588,24.145,-5.57
52598,24.155,-5.57
52609,24.166,-5.57
52619,24.176,-5.57
52628,24.185,-5.57
52638,24.195,-5.57
52648,24.205,-5.57
52659,24.216,-5.57
52668,24.225,-5.57
52678,24.235,-5.57
52688,24.245,-5.57
52699,24.256,-5.57
52708,24.265,-5.57
52718,24.275,-5.57
52728,24.285,-5.57
52739,24.296,-5.57
52749,24.306,-5.57
52758,24.315,-5.57
52768,24.325,-5.57
52779,24.336,-5.57
52789,24.346,-5.57
52798,24.355,-5.57
52808,24.365,-5.57
52818,24.375,-5.57
52829,24.386,-5.57
52838,24.395,-5.39
52848,24.405,-5.39
52858,24.415,-5.57
52869,24.426,-5.57
52879,24.436,-5.57
52888,24.445,-5.57
52898,24.455,-5.57
52909,24.466,-5.57
52919,24.476,-5.57
52928,24.485,-5.57
52938,24.495,-5.57
52948,24.505,-5.57
52959,24.516,-5.57
52968,24.525,-5.57
52978,24.535,-5.57
52988,24.545,-5.75
52999,24.556,-5.75
53009,24.566,-5.57
53018,24.575,-5.57
53028,24.585,-5.57
53039,24.596,-5.57
53049,24.606,-5.57
53058,24.615,-5.57
53068,24.625,-5.57
53079,24.636,-5.57
53089,24.646,-5.57
53098,24.655,-5.57
53108,24.665,-5.57
53118,24.675,-5.57
53129,24.686,-5.57
53138,24.695,-5.57
53148,24.705,-5.57
53158,24.715,-5.57
53169,24.726,-5.57
53179,24.736,-5.57
53188,24.745,-5.57
53198,24.755,-5.57
53209,24.766,-5.57
53219,24.776,-5.57
53228,24.785,-5.57
53238,24.795,-5.57
53249,24.806,-5.57
53259,24.816,-5.57
53268,24.825,-5.57
53278,24.835,-5.57
53288,24.845,-5.57
53299,24.856,-5.57
53309,24.866,-5.57
53318,24.875,-5.57
53328,24.885,-5.57
53339,24.896,-5.57
53349,24.906,-5.57
53358,24.915,-5.57
53368,24.925,-5.57
53379,24.936,-5.57
53389,24.946,-5.57
53398,24.955,-5.57
53408,24.965,-5.57
53419,24.976,-5.57
53429,24.986,-5.57
53439,24.996,-5.57
53448,25.005,-5.57
53458,25.015,-5.57
53469,25.026,-5.39
53479,25.036,-5.39
53488,25.045,-5.57
53498,25.055,-5.57
53509,25.066,-5.57
53519,25.076,-5.57
53528,25.085,-5.57
53538,25.095,-5.57
53549,25.106,-5.57
53559,25.116,-5.57
53569,25.126,-5.57
53578,25.135,-5.57
53588,25.145,-5.57
53599,25.156,-5.57
53609,25.166,-5.57
53618,25.175,-5.57
53628,25.185,-5.57
53639,25.196,-5.57
53649,25.206,-5.57
53658,25.215,-5.57
53668,25.225,-5.57
53679,25.236,-5.57
53689,25.246,-5.57
53698,25.255,-5.57
53708,25.265,-5.57
53719,25.276,-5.57
53729,25.286,-5.39
53739,25.296,-5.39
53748,25.305,-5.57
53758,25.315,-5.57
53769,25.326,-5.57
53779,25.336,-5.57
53788,25.345,-5.57
53798,25.355,-5.57
53809,25.366,-5.57
53819,25.376,-5.57
53828,25.385,-5.57
53838,25.395,-5.57
53849,25.406,-5.57
53859,25.416,-5.39
53869,25.426,-5.39
53878,25.435,-5.57
53889,25.446,-5.57
53899,25.456,-5.57
53909,25.466,-5.57
53918,25.475,-5.57
53928,25.485,-5.57
53939,25.496,-5.57
53949,25.506,-5.57
53958,25.515,-5.57
53968,25.525,-5.57
53979,25.536,-5.57
53989,25.546,-5.57
53999,25.556,-5.57
54008,25.565,-5.57
54019,25.576,-5.57
54029,25.586,-5.57
54039,25.596,-5.57
54048,25.605,-5.57
54059,25.616,-5.57
54069,25.626,-5.57
54079,25.636,-5.57
54088,25.645,-5.57
54098,25.655,-5.57
54109,25.666,-5.57
54119,25.676,-5.57
54129,25.686,-5.57
54138,25.695,-5.57
54149,25.706,-5.39
54159,25.716,-5.39
54169,25.726,-5.39
54178,25.735,-5.2
54189,25.746,-5.2
54199,25.756,-5.2
54209,25.766,-5.2
54218,25.775,-5.2
54228,25.785,-5.2
54239,25.796,-5.02
54249,25.806,-4.84
54259,25.816,-4.84
54268,25.825,-4.84
54279,25.836,-4.65
54289,25.846,-4.47
54299,25.856,-4.29
54308,25.865,-4.11
54319,25.876,-4.11
54329,25.886,-4.11
54339,25.896,-3.92
54348,25.905,-3.74
54359,25.916,-3.74
54369,25.926,-3.74
54379,25.936,-3.74
54388,25.945,-3.74
54398,25.955,-3.56
54409,25.966,-3.38
54419,25.976,-3.38
54429,25.986,-3.38
54438,25.995,-3.19
54449,26.006,-3.01
54459,26.016,-3.01
54469,26.026,-2.83
54478,26.035,-2.64
54489,26.046,-2.64
54499,26.056,-2.64
54509,26.066,-2.64
54518,26.075,-2.64
54529,26.086,-2.64
54539,26.096,-2.64
54549,26.106,-2.64
54559,26.116,-2.64
54568,26.125,-2.64
54579,26.136,-2.64
54589,26.146,-2.64
54599,26.156,-2.64
54608,26.165,-2.64
54619,26.176,-2.64
54629,26.186,-2.64
54639,26.196,-2.64
54648,26.205,-2.64
54659,26.216,-2.64
54669,26.226,-2.64
54679,26.236,-2.64
54689,26.246,-2.64
54699,26.256,-2.64
54709,26.266,-2.64
54719,26.276,-2.64
54729,26.286,-2.64
54738,26.295,-2.64
54749,26.306,-2.64
54759,26.316,-2.64
54769,26.326,-2.64
54778,26.335,-2.64
54789,26.346,-2.64
54799,26.356,-2.64
54809,26.366,-2.64
54819,26.376,-2.64
54829,26.386,-2.64
54839,26.396,-2.64
54849,26.406,-2.64
54859,26.416,-2.64
54868,26.425,-2.64
54879,26.436,-2.64
54889,26.446,-2.64
54899,26.456,-2.64
54908,26.465,-2.64
54919,26.476,-2.64
54929,26.486,-2.64
54939,26.496,-2.64
54948,26.505,-2.64
54959,26.516,-2.64
54969,26.526,-2.64
54979,26.536,-2.64
54989,26.546,-2.64
54999,26.556,-2.64
55009,26.566,-2.64
55019,26.576,-2.64
55029,26.586,-2.64
55038,26.595,-2.64
55049,26.606,-2.64
55059,26.616,-2.64
55069,26.626,-2.64
55078,26.635,-2.64
55089,26.646,-2.46
55099,26.656,-2.46
55109,26.666,-2.64
55119,26.676,-2.64
55129,26.686,-2.64
55139,26.696,-2.64
55149,26.706,-2.64
55159,26.716,-2.64
55169,26.726,-2.64
55179,26.736,-2.64
55189,26.746,-2.64
55199,26.756,-2.64
55208,26.765,-2.64
55219,26.776,-2.64
55229,26.786,-2.64
55239,26.796,-2.64
55249,26.806,-2.64
55259,26.816,-2.64
55269,26.826,-2.64
55279,26.836,-2.64
55289,26.846,-2.64
55299,26.856,-2.64
55309,26.866,-2.64
55319,26.876,-2.64
55329,26.886,-2.64
55339,26.896,-2.64
55349,26.906,-2.64
55359,26.916,-2.64
55369,26.926,-2.64
55379,26.936,-2.64
55389,26.946,-2.64
55399,26.956,-2.64
55409,26.966,-2.64
55419,26.976,-2.64
55429,26.986,-2.64
55439,26.996,-2.64
55449,27.006,-2.64
55459,27.016,-2.64
55469,27.026,-2.64
55479,27.036,-2.64
55489,27.046,-2.64
55499,27.056,-2.64
55508,27.065,-2.64
55519,27.076,-2.64
55529,27.086,-2.64
55539,27.096,-2.64
55549,27.106,-2.64
55559,27.116,-2.64
55569,27.126,-2.64
55579,27.136,-2.64
55589,27.146,-2.64
55599,27.156,-2.64
55609,27.166,-2.64
55619,27.176,-2.64
55629,27.186,-2.64
55639,27.196,-2.64
55649,27.206,-2.64
55659,27.216,-2.64
55669,27.226,-2.64
55680,27.237,-2.64
55689,27.246,-2.64
55699,27.256,-2.64
55709,27.266,-2.64
55719,27.276,-2.64
55729,27.286,-2.64
55739,27.296,-2.64
55749,27.306,-2.64
55759,27.316,-2.64
55769,27.326,-2.64
55779,27.336,-2.64
55789,27.346,-2.64
55799,27.356,-2.64
55810,27.367,-2.64
55819,27.376,-2.64
55829,27.386,-2.64
55839,27.396,-2.64
55849,27.406,-2.64
55859,27.416,-2.64
55869,27.426,-2.64
55879,27.436,-2.64
55889,27.446,-2.64
55899,27.456,-2.64
55909,27.466,-2.64
55919,27.476,-2.64
55929,27.486,-2.64
55940,27.497,-2.64
55949,27.506,-2.64
55959,27.516,-2.64
55969,27.526,-2.64
55980,27.537,-2.64
55989,27.546,-2.64
55999,27.556,-2.64
56009,27.566,-2.64
56019,27.576,-2.64
56029,27.586,-2.64
56039,27.596,-2.64
56049,27.606,-2.64
56059,27.616,-2.64
56070,27.627,-2.64
56079,27.636,-2.64
56089,27.646,-2.64
56099,27.656,-2.64
56110,27.667,-2.64
56119,27.676,-2.64
56129,27.686,-2.64
56139,27.696,-2.64
56150,27.707,-2.64
56159,27.716,-2.64
56169,27.726,-2.64
56179,27.736,-2.64
56189,27.746,-2.64
56199,27.756,-2.64
56209,27.766,-2.64
56219,27.776,-2.64
56229,27.786,-2.64
56240,27.797,-2.64
56249,27.806,-2.64
56259,27.816,-2.46
56269,27.826,-2.46
56280,27.837,-2.64
56289,27.846,-2.64
56299,27.856,-2.64
56309,27.866,-2.64
56320,27.877,-2.64
56329,27.886,-2.64
56339,27.896,-2.46
56349,27.906,-2.46
56359,27.916,-2.64
56370,27.927,-2.64
56379,27.936,-2.64
56389,27.946,-2.64
56399,27.956,-2.64
56410,27.967,-2.64
56419,27.976,-2.64
56429,27.986,-2.64
56439,27.996,-2.64
56450,28.007,-2.64
56459,28.016,-2.64
56469,28.026,-2.64
56479,28.036,-2.64
56489,28.046,-2.64
56500,28.057,-2.64
56509,28.066,-2.64
56519,28.076,-2.64
56529,28.086,-2.46
56540,28.097,-2.46
56549,28.106,-2.64
56559,28.116,-2.64
56569,28.126,-2.64
56580,28.137,-2.64
56589,28.146,-2.64
56599,28.156,-2.64
56609,28.166,-2.64
56620,28.177,-2.64
56630,28.187,-2.64
56639,28.196,-2.64
56649,28.206,-2.64
56659,28.216,-2.46
56670,28.227,-2.46
56679,28.236,-2.64
56689,28.246,-2.64
56699,28.256,-2.64
56710,28.267,-2.64
56719,28.276,-2.64
56729,28.286,-2.64
56739,28.296,-2.46
56750,28.307,-2.46
56760,28.317,-2.64
56769,28.326,-2.46
56779,28.336,-2.46
56790,28.347,-2.64
56800,28.357,-2.64
56809,28.366,-2.64
56819,28.376,-2.64
56829,28.386,-2.64
56840,28.397,-2.64
56849,28.406,-2.64
56859,28.416,-2.64
56869,28.426,-2.64
56880,28.437,-2.64
56889,28.446,-2.64
56899,28.456,-2.64
56909,28.466,-2.64
56920,28.477,-2.64
56930,28.487,-2.64
56939,28.496,-2.64
56949,28.506,-2.64
56960,28.517,-2.64
56970,28.527,-2.64
56979,28.536,-2.64
56989,28.546,-2.64
56999,28.556,-2.64
57010,28.567,-2.64
57019,28.576,-2.64
57029,28.586,-2.64
57039,28.596,-2.64
57050,28.607,-2.46
57060,28.617,-2.46
57069,28.626,-2.64
57079,28.636,-2.64
57090,28.647,-2.64
57100,28.657,-2.64
57109,28.666,-2.64
57119,28.676,-2.64
57129,28.686,-2.64
57140,28.697,-2.64
57149,28.706,-2.64
57159,28.716,-2.64
57169,28.726,-2.64
57180,28.737,-2.64
57189,28.746,-2.64
57199,28.756,-2.64
57209,28.766,-2.64
57220,28.777,-2.64
57230,28.787,-2.64
57239,28.796,-2.64
57249,28.806,-2.64
57260,28.817,-2.64
57270,28.827,-2.64
57279,28.836,-2.64
57289,28.846,-2.64
57299,28.856,-2.64
57310,28.867,-2.64
57319,28.876,-2.64
57329,28.886,-2.64
57339,28.896,-2.64
57350,28.907,-2.64
57360,28.917,-2.64
57369,28.926,-2.64
57379,28.936,-2.64
57390,28.947,-2.64
57400,28.957,-2.64
57409,28.966,-2.64
57419,28.976,-2.64
57430,28.987,-2.64
57440,28.997,-2.64
57449,29.006,-2.64
57459,29.016,-2.64
57469,29.026,-2.64
57480,29.037,-2.64
57490,29.047,-2.64
57499,29.056,-2.64
57509,29.066,-2.64
57520,29.077,-2.64
57530,29.087,-2.64
57539,29.096,-2.64
57549,29.106,-2.64
57560,29.117,-2.64
57570,29.127,-2.64
57579,29.136,-2.64
57589,29.146,-2.46
57600,29.157,-2.46
57610,29.167,-2.64
57620,29.177,-2.64
57629,29.186,-2.64
57639,29.196,-2.64
57650,29.207,-2.64
57660,29.217,-2.83
57669,29.226,-2.83
57679,29.236,-2.64
57690,29.247,-2.64
57700,29.257,-2.64
57709,29.266,-2.64
57719,29.276,-2.64
57730,29.287,-2.64
57740,29.297,-2.64
57749,29.306,-2.64
57759,29.316,-2.64
57769,29.326,-2.64
57780,29.337,-2.64
57790,29.347,-2.64
57799,29.356,-2.64
57809,29.366,-2.64
57820,29.377,-2.64
57830,29.387,-2.64
57839,29.396,-2.64
57849,29.406,-2.64
57860,29.417,-2.64
57870,29.427,-2.64
57879,29.436,-2.64
57889,29.446,-2.64
57900,29.457,-2.64
57910,29.467,-2.64
57920,29.477,-2.64
57929,29.486,-2.64
57939,29.496,-2.64
57950,29.507,-2.64
57960,29.517,-2.64
57969,29.526,-2.64
57979,29.536,-2.64
57990,29.547,-2.64
58000,29.557,-2.64
58009,29.566,-2.46
58019,29.576,-2.46
58030,29.587,-2.64
58040,29.597,-2.64
58050,29.607,-2.64
58059,29.616,-2.64
58070,29.627,-2.64
58080,29.637,-2.64
58090,29.647,-2.64
58099,29.656,-2.64
58109,29.666,-2.46
58120,29.677,-2.46
58130,29.687,-2.64
58139,29.696,-2.64
58149,29.706,-2.64
58160,29.717,-2.83
58170,29.727,-2.83
58180,29.737,-2.64
58189,29.746,-2.64
58200,29.757,-2.64
58210,29.767,-2.64
58220,29.777,-2.64
58229,29.786,-2.64
58240,29.797,-2.64
58250,29.807,-2.64
58260,29.817,-2.64
58269,29.826,-2.64
58279,29.836,-2.64
58290,29.847,-2.64
58300,29.857,-2.64
58309,29.866,-2.64
58319,29.876,-2.64
58330,29.887,-2.64
58340,29.897,-2.64
58350,29.907,-2.64
58359,29.916,-2.64
58370,29.927,-2.64
58380,29.937,-2.64
58390,29.947,-2.64
58399,29.956,-2.64
58409,29.966,-2.64
58420,29.977,-2.64
58430,29.987,-2.64
58439,29.996,-2.64
58449,30.006,-2.64
58460,30.017,-2.64
58470,30.027,-2.64
58480,30.037,-2.64
58489,30.046,-2.64
58500,30.057,-2.64
58510,30.067,-2.64
58520,30.077,-2.64
58529,30.086,-2.64
58540,30.097,-2.64
58550,30.107,-2.64
58560,30.117,-2.64
58569,30.126,-2.64
58579,30.136,-2.64
58590,30.147,-2.64
58600,30.157,-2.64
58610,30.167,-2.64
58619,30.176,-2.64
58630,30.187,-2.64
58640,30.197,-2.64
58650,30.207,-2.64
58659,30.216,-2.64
58670,30.227,-2.64
58680,30.237,-2.64
58690,30.247,-2.64
58699,30.256,-2.46
58710,30.267,-2.46
58720,30.277,-2.64
58730,30.287,-2.64
58740,30.297,-2.64
58749,30.306,-2.64
58760,30.317,-2.64
58770,30.327,-2.64
58780,30.337,-2.64
58789,30.346,-2.64
58800,30.357,-2.64
58810,30.367,-2.64
58820,30.377,-2.64
58829,30.386,-2.64
58840,30.397,-2.64
58850,30.407,-2.64
58860,30.417,-2.64
58869,30.426,-2.64
58880,30.437,-2.64
58890,30.447,-2.64
58900,30.457,-2.64
58910,30.467,-2.64
58919,30.476,-2.64
58930,30.487,-2.64
58940,30.497,-2.64
58950,30.507,-2.64
58959,30.516,-2.64
58970,30.527,-2.64
58980,30.537,-2.64
58990,30.547,-2.64
58999,30.556,-2.64
59010,30.567,-2.64
59020,30.577,-2.64
59030,30.587,-2.64
59040,30.597,-2.64
59049,30.606,-2.64
59060,30.617,-2.64
59070,30.627,-2.64
59080,30.637,-2.64
59089,30.646,-2.64
59100,30.657,-2.46
59110,30.667,-2.46
59120,30.677,-2.64
59129,30.686,-2.64
59140,30.697,-2.64
59150,30.707,-2.64
59160,30.717,-2.64
59170,30.727,-2.64
59180,30.737,-2.64
59190,30.747,-2.64
59200,30.757,-2.64
59210,30.767,-2.64
59219,30.776,-2.64
59230,30.787,-2.64
59240,30.797,-2.83
59250,30.807,-2.83
59259,30.816,-2.64
59270,30.827,-2.64
59280,30.837,-2.64
59290,30.847,-2.64
59300,30.857,-2.46
59310,30.867,-2.46
59320,30.877,-2.64
59330,30.887,-2.64
59340,30.897,-2.64
59350,30.907,-2.64
59360,30.917,-2.64
59370,30.927,-2.64
59380,30.937,-2.64
59389,30.946,-2.64
59400,30.957,-2.64
59410,30.967,-2.64
59420,30.977,-2.64
59429,30.986,-2.64
59440,30.997,-2.64
59450,31.007,-2.64
59460,31.017,-2.64
59470,31.027,-2.64
59480,31.037,-2.64
59490,31.047,-2.64
59500,31.057,-2.64
59510,31.067,-2.64
59520,31.077,-2.64
59530,31.087,-2.64
59540,31.097,-2.64
59550,31.107,-2.64
59559,31.116,-2.64
59570,31.127,-2.64
59580,31.137,-2.64
59590,31.147,-2.64
59600,31.157,-2.64
59610,31.167,-2.64
59620,31.177,-2.64
59630,31.187,-2.64
59640,31.197,-2.64
59650,31.207,-2.64
59660,31.217,-2.64
59670,31.227,-2.64
59680,31.237,-2.64
59689,31.246,-2.46
59700,31.257,-2.46
59710,31.267,-2.46
59720,31.277,-2.46
59730,31.287,-2.46
59740,31.297,-2.46
59750,31.307,-2.64
59760,31.317,-2.64
59770,31.327,-2.64
59780,31.337,-2.64
59790,31.347,-2.46
59800,31.357,-2.46
59810,31.367,-2.64
59820,31.377,-2.46
59830,31.387,-2.46
59840,31.397,-2.64
59850,31.407,-2.64
59860,31.417,-2.64
59870,31.427,-2.64
59880,31.437,-2.64
59890,31.447,-2.46
59900,31.457,-2.46
59910,31.467,-2.64
59920,31.477,-2.64
59930,31.487,-2.64
59940,31.497,-2.64
59950,31.507,-2.64
59960,31.517,-2.64
59970,31.527,-2.64
59980,31.537,-2.64
59990,31.547,-2.64
60000,31.557,-2.64
60010,31.567,-2.64
60020,31.577,-2.64
60030,31.587,-2.64
60040,31.597,-2.64
60050,31.607,-2.64
60060,31.617,-2.64
60070,31.627,-2.64
60080,31.637,-2.64
60090,31.647,-2.64
60100,31.657,-2.46
60110,31.667,-2.46
60120,31.677,-2.64
60130,31.687,-2.64
60140,31.697,-2.64
60150,31.707,-2.64
60161,31.718,-2.64
60170,31.727,-2.64
60180,31.737,-2.64
60190,31.747,-2.64
60200,31.757,-2.64
60210,31.767,-2.64
60220,31.777,-2.64
60230,31.787,-2.64
60240,31.797,-2.64
60250,31.807,-2.64
60260,31.817,-2.64
60270,31.827,-2.64
60280,31.837,-2.64
60291,31.848,-2.64
60300,31.857,-2.64
60310,31.867,-2.64
60320,31.877,-2.64
60331,31.888,-2.64
60340,31.897,-2.64
60350,31.907,-2.64
60360,31.917,-2.64
60370,31.927,-2.64
60380,31.937,-2.64
60390,31.947,-2.64
60400,31.957,-2.64
60410,31.967,-2.64
60421,31.978,-2.64
60430,31.987,-2.64
60440,31.997,-2.64
60450,32.007,-2.64
60461,32.018,-2.64
60470,32.027,-2.64
60480,32.037,-2.64
60490,32.047,-2.64
60500,32.057,-2.64
60510,32.067,-2.64
60520,32.077,-2.64
60530,32.087,-2.64
60540,32.097,-2.64
60550,32.107,-2.64
60560,32.117,-2.64
60570,32.127,-2.64
60580,32.137,-2.64
60591,32.148,-2.64
60600,32.157,-2.64
60610,32.167,-2.83
60620,32.177,-2.83
60631,32.188,-2.64
60640,32.197,-2.64
60650,32.207,-2.64
60660,32.217,-2.64
60670,32.227,-2.64
60680,32.237,-2.64
60690,32.247,-2.64
60700,32.257,-2.64
60710,32.267,-2.64
60721,32.278,-2.64
60730,32.287,-2.64
60740,32.297,-2.64
60750,32.307,-2.46
60761,32.318,-2.28
60770,32.327,-2.46
60780,32.337,-2.64
60790,32.347,-2.64
60801,32.358,-2.64
60810,32.367,-2.64
60820,32.377,-2.64
60830,32.387,-2.64
60840,32.397,-2.64
60851,32.408,-2.64
60860,32.417,-2.64
60870,32.427,-2.64
60880,32.437,-2.64
60891,32.448,-2.64
60900,32.457,-2.64
60910,32.467,-2.64
60920,32.477,-2.46
60931,32.488,-2.46
60940,32.497,-2.46
60950,32.507,-2.46
60960,32.517,-2.64
60971,32.528,-2.64
60981,32.538,-2.64
60990,32.547,-2.64
61000,32.557,-2.64
61010,32.567,-2.64
61021,32.578,-2.64
61030,32.587,-2.64
61040,32.597,-2.64
61050,32.607,-2.64
61061,32.618,-2.64
61070,32.627,-2.64
61080,32.637,-2.64
61090,32.647,-2.64
61101,32.658,-2.64
61111,32.668,-2.46
61120,32.677,-2.46
61130,32.687,-2.46
61140,32.697,-2.46
61151,32.708,-2.46
61160,32.717,-2.28
61170,32.727,-2.28
61180,32.737,-2.28
61191,32.748,-2.28
61200,32.757,-2.28
61210,32.767,-2.28
61220,32.777,-2.28
61231,32.788,-2.28
61240,32.797,-2.28
61250,32.807,-2.28
61260,32.817,-2.1
61271,32.828,-1.91
61281,32.838,-1.91
61290,32.847,-1.91
61300,32.857,-1.73
61310,32.867,-1.73
61321,32.878,-1.91
61330,32.887,-1.73
61340,32.897,-1.36
61350,32.907,-1.18
61361,32.918,-1.18
61370,32.927,-1
61380,32.937,-0.82
61390,32.947,-0.82
61401,32.958,-0.82
61411,32.968,-0.82
61420,32.977,-0.82
61430,32.987,-0.82
61441,32.998,-0.82
61451,33.008,-0.82
61460,33.017,-0.82
61470,33.027,-0.82
61480,33.037,-0.63
61491,33.048,-0.63
61500,33.057,-0.82
61510,33.067,-0.82
61520,33.077,-0.82
61531,33.088,-0.82
61540,33.097,-0.82
61550,33.107,-0.82
61560,33.117,-0.82
61571,33.128,-0.82
61581,33.138,-0.82
61590,33.147,-0.82
61600,33.157,-0.82
61611,33.168,-0.82
61621,33.178,-0.82
61630,33.187,-0.82
61640,33.197,-0.82
61650,33.207,-0.82
61661,33.218,-0.82
61670,33.227,-0.82
61680,33.237,-0.82
61690,33.247,-0.82
61701,33.258,-0.82
61711,33.268,-0.82
61720,33.277,-0.82
61730,33.287,-0.63
61741,33.298,-0.63
61751,33.308,-0.82
61760,33.317,-0.82
61770,33.327,-0.82
61780,33.337,-0.82
61791,33.348,-0.82
61800,33.357,-0.82
61810,33.367,-0.82
61820,33.377,-0.82
61831,33.388,-0.82
61841,33.398,-0.82
61850,33.407,-0.82
61860,33.417,-0.63
61871,33.428,-0.63
61881,33.438,-0.82
61890,33.447,-0.82
61900,33.457,-0.82
61911,33.468,-0.82
61921,33.478,-0.82
61930,33.487,-0.82
61940,33.497,-0.82
61950,33.507,-0.82
61961,33.518,-0.82
61971,33.528,-0.82
61980,33.537,-0.82
61990,33.547,-0.82
62001,33.558,-0.82
62011,33.568,-0.82
62020,33.577,-0.82
62030,33.587,-0.82
62041,33.598,-0.82
62051,33.608,-0.82
62060,33.617,-0.82
62070,33.627,-0.82
62081,33.638,-0.82
62091,33.648,-0.82
62100,33.657,-0.82
62110,33.667,-0.82
62120,33.677,-0.82
62131,33.688,-0.82
62141,33.698,-0.82
62150,33.707,-0.82
62160,33.717,-0.82
62171,33.728,-0.82
62181,33.738,-0.82
62190,33.747,-0.82
62200,33.757,-0.82
62211,33.768,-0.82
62221,33.778,-0.82
62230,33.787,-0.82
62240,33.797,-0.82
62251,33.808,-0.82
62261,33.818,-0.82
62271,33.828,-0.82
62280,33.837,-1
62290,33.847,-1
62301,33.858,-0.82
62311,33.868,-0.82
62320,33.877,-0.82
62330,33.887,-0.82
62341,33.898,-0.82
62351,33.908,-0.63
62360,33.917,-0.63
62370,33.927,-0.82
62381,33.938,-0.82
62391,33.948,-0.82
62401,33.958,-0.82
62410,33.967,-0.82
62420,33.977,-0.82
62431,33.988,-0.82
62441,33.998,-0.82
62450,34.007,-0.82
62460,34.017,-0.82
62471,34.028,-0.82
62481,34.038,-0.82
62490,34.047,-0.82
62500,34.057,-0.82
62511,34.068,-0.82
62521,34.078,-0.82
62531,34.088,-0.82
62540,34.097,-0.82
62551,34.108,-0.82
62561,34.118,-0.82
62571,34.128,-0.82
62580,34.137,-0.82
62590,34.147,-0.82
62601,34.158,-0.82
62611,34.168,-0.82
62620,34.177,-0.82
62630,34.187,-0.82
62641,34.198,-0.82
62651,34.208,-0.82
62660,34.217,-0.82
62670,34.227,-0.82
62681,34.238,-0.82
62691,34.248,-0.82
62701,34.258,-0.82
62710,34.267,-0.82
62721,34.278,-0.82
62731,34.288,-0.82
62741,34.298,-0.82
62750,34.307,-0.82
62760,34.317,-0.82
62771,34.328,-0.82
62781,34.338,-0.82
62790,34.347,-0.82
62800,34.357,-0.82
62811,34.368,-0.82
62821,34.378,-0.82
62831,34.388,-0.82
62840,34.397,-0.82
62851,34.408,-0.82
62861,34.418,-0.82
62871,34.428,-0.82
62880,34.437,-0.82
62891,34.448,-0.82
62901,34.458,-0.82
62911,34.468,-0.82
62920,34.477,-0.82
62930,34.487,-0.82
62941,34.498,-0.82
62951,34.508,-0.63
62961,34.518,-0.63
62970,34.527,-0.82
62981,34.538,-0.82
62991,34.548,-0.82
63001,34.558,-0.82
63010,34.567,-0.82
63021,34.578,-0.82
63031,34.588,-0.82
63041,34.598,-0.82
63051,34.608,-0.82
63060,34.617,-0.82
63071,34.628,-0.82
63081,34.638,-0.82
63091,34.648,-0.63
63100,34.657,-0.63
63111,34.668,-0.82
63121,34.678,-0.82
63131,34.688,-0.82
63140,34.697,-0.82
63151,34.708,-0.82
63161,34.718,-0.82
63171,34.728,-0.82
63180,34.737,-0.82
63191,34.748,-0.82
63201,34.758,-0.82
63211,34.768,-0.82
63221,34.778,-0.82
63230,34.787,-0.82
63241,34.798,-0.82
63251,34.808,-0.82
63261,34.818,-0.82
63270,34.827,-0.82
63281,34.838,-0.82
63291,34.848,-0.82
63301,34.858,-0.82
63310,34.867,-0.82
63321,34.878,-0.82
63331,34.888,-0.82
63341,34.898,-0.82
63351,34.908,-0.82
63361,34.918,-0.82
63371,34.928,-0.82
63381,34.938,-0.82
63391,34.948,-0.82
63400,34.957,-0.82
63411,34.968,-0.82
63421,34.978,-0.82
63431,34.988,-0.82
63440,34.997,-0.82
63451,35.008,-0.82
63461,35.018,-0.82
63471,35.028,-0.82
63480,35.037,-0.82
63491,35.048,-0.82
63501,35.058,-0.82
63511,35.068,-0.82
63521,35.078,-0.82
63531,35.088,-0.82
63541,35.098,-0.82
63551,35.108,-0.82
63561,35.118,-0.82
63570,35.127,-0.82
63581,35.138,-0.82
63591,35.148,-0.82
63601,35.158,-0.82
63610,35.167,-0.82
63621,35.178,-0.82
63631,35.188,-0.82
63641,35.198,-0.82
63651,35.208,-0.82
63661,35.218,-0.82
63671,35.228,-0.82
63681,35.238,-0.82
63691,35.248,-0.82
63700,35.257,-0.82
63711,35.268,-0.82
63721,35.278,-0.82
63731,35.288,-0.82
63740,35.297,-0.82
63751,35.308,-0.82
63761,35.318,-0.82
63771,35.328,-0.82
63781,35.338,-0.82
63791,35.348,-0.82
63801,35.358,-0.82
63811,35.368,-0.82
63821,35.378,-1
63831,35.388,-1
63841,35.398,-0.82
63851,35.408,-0.82
63861,35.418,-0.82
63870,35.427,-0.82
63881,35.438,-0.82
63891,35.448,-0.82
63901,35.458,-0.82
63910,35.467,-0.82
63921,35.478,-0.82
63931,35.488,-0.82
63941,35.498,-0.82
63951,35.508,-0.82
63961,35.518,-0.82
63971,35.528,-0.82
63981,35.538,-0.82
63991,35.548,-0.82
64001,35.558,-0.82
64011,35.568,-0.82
64021,35.578,-0.82
64031,35.588,-0.82
64040,35.597,-0.82
64051,35.608,-0.82
64061,35.618,-0.82
64071,35.628,-0.82
64081,35.638,-0.82
64091,35.648,-0.82
64101,35.658,-0.82
64111,35.668,-0.82
64121,35.678,-0.82
64131,35.688,-0.82
64141,35.698,-0.82
64151,35.708,-0.82
64161,35.718,-0.82
64171,35.728,-0.82