58698,0,-68.09
58708,0.01,-68.09
58719,0.021,-68.09
58728,0.03,-68.09
58738,0.04,-68.09
58748,0.05,-68.09
58759,0.061,-68.09
58768,0.07,-68.09
58778,0.08,-68.09
58788,0.09,-68.09
58799,0.101,-68.09
58809,0.111,-68.09
58818,0.12,-68.09
58828,0.13,-68.09
58839,0.141,-68.09
58849,0.151,-68.09
58858,0.16,-68.09
58868,0.17,-68.09
58878,0.18,-68.09
58889,0.191,-68.09
58898,0.2,-68.09
58908,0.21,-68.09
58918,0.22,-68.09
58929,0.231,-68.09
58939,0.241,-68.09
58948,0.25,-68.09
58958,0.26,-68.09
58969,0.271,-68.09
58979,0.281,-68.09
58988,0.29,-68.09
58998,0.3,-68.09
59009,0.311,-68.09
59019,0.321,-68.09
59028,0.33,-68.09
59038,0.34,-68.09
59048,0.35,-68.09
59059,0.361,-68.09
59069,0.371,-68.09
59078,0.38,-68.09
59088,0.39,-68.09
59099,0.401,-68.09
59109,0.411,-68.09
59118,0.42,-68.09
59128,0.43,-68.09
59139,0.441,-68.09
59149,0.451,-68.09
59158,0.46,-68.09
59168,0.47,-68.09
59179,0.481,-67.9
59189,0.491,-67.54
59199,0.501,-67.17
59208,0.51,-66.26
59218,0.52,-64.98
59229,0.531,-63.7
59239,0.541,-62.24
59248,0.55,-60.96
59258,0.56,-59.68
59269,0.571,-58.22
59279,0.581,-57.3
59288,0.59,-56.57
59298,0.6,-55.84
59309,0.611,-55.29
59319,0.621,-54.19
59329,0.631,-53.46
59338,0.64,-53.1
59348,0.65,-52.73
59359,0.661,-52.55
59369,0.671,-52.18
59378,0.68,-52
59388,0.69,-52
59399,0.701,-52
59409,0.711,-51.82
59418,0.72,-51.63
59428,0.73,-51.63
59439,0.741,-51.63
59449,0.751,-51.63
59459,0.761,-51.63
59468,0.77,-51.63
59479,0.781,-51.63
59489,0.791,-51.63
59499,0.801,-51.63
59508,0.81,-51.82
59518,0.82,-52
59529,0.831,-52.37
59539,0.841,-52.73
59548,0.85,-52.73
59558,0.86,-53.1
59569,0.871,-53.46
59579,0.881,-53.83
59589,0.891,-54.19
59598,0.9,-54.38
59609,0.911,-54.56
59619,0.921,-54.56
59629,0.931,-54.56
59638,0.94,-54.56
59649,0.951,-54.38
59659,0.961,-54.38
59669,0.971,-54.56
59678,0.98,-54.56
59688,0.99,-54.56
59699,1.001,-54.56
59709,1.011,-54.56
59718,1.02,-54.56
59728,1.03,-54.56
59739,1.041,-54.56
59749,1.051,-54.56
59759,1.061,-54.56
59768,1.07,-54.56
59779,1.081,-54.56
59789,1.091,-54.56
59799,1.101,-54.56
59808,1.11,-54.56
59819,1.121,-54.56
59829,1.131,-54.56
59839,1.141,-54.56
59848,1.15,-54.56
59858,1.16,-54.56
59869,1.171,-54.56
59879,1.181,-54.56
59889,1.191,-54.56
59898,1.2,-54.38
59909,1.211,-54.01
59919,1.221,-53.65
59929,1.231,-53.28
59938,1.24,-52.91
59949,1.251,-52.73
59959,1.261,-52.73
59969,1.271,-52.55
59978,1.28,-52.18
59988,1.29,-52
59999,1.301,-51.82
60009,1.311,-51.45
60019,1.321,-51.27
60028,1.33,-51.09
60039,1.341,-50.9
60049,1.351,-50.72
60059,1.361,-50.54
60068,1.37,-50.54
60079,1.381,-50.54
60089,1.391,-50.54
60099,1.401,-50.54
60108,1.41,-50.54
60119,1.421,-50.35
60129,1.431,-50.35
60139,1.441,-50.54
60148,1.45,-50.54
60158,1.46,-50.54
60169,1.471,-50.54
60179,1.481,-50.54
60189,1.491,-50.54
60198,1.5,-50.72
60209,1.511,-50.9
60219,1.521,-51.09
60229,1.531,-51.27
60238,1.54,-51.27
60249,1.551,-51.45
60259,1.561,-51.45
60269,1.571,-51.45
60278,1.58,-51.63
60289,1.591,-51.63
60299,1.601,-51.63
60309,1.611,-51.45
60319,1.621,-51.45
60328,1.63,-51.63
60339,1.641,-51.63
60349,1.651,-51.63
60359,1.661,-51.45
60368,1.67,-51.45
60379,1.681,-51.63
60389,1.691,-51.63
60399,1.701,-51.63
60408,1.71,-51.63
60419,1.721,-51.63
60429,1.731,-51.45
60439,1.741,-51.45
60449,1.751,-51.63
60459,1.761,-51.63
60469,1.771,-51.63
60479,1.781,-51.63
60489,1.791,-51.63
60498,1.8,-51.63
60509,1.811,-51.63
60519,1.821,-51.63
60529,1.831,-51.63
60538,1.84,-51.63
60549,1.851,-51.45
60559,1.861,-51.45
60569,1.871,-51.45
60578,1.88,-51.27
60589,1.891,-51.27
60599,1.901,-51.27
60609,1.911,-51.27
60619,1.921,-51.27
60628,1.93,-51.09
60639,1.941,-50.9
60649,1.951,-50.9
60659,1.961,-50.9
60668,1.97,-50.9
60679,1.981,-50.9
60689,1.991,-50.9
60699,2.001,-50.9
60708,2.01,-50.9
60719,2.021,-50.9
60729,2.031,-50.9
60739,2.041,-50.9
60749,2.051,-50.9
60759,2.061,-50.9
60769,2.071,-50.9
60779,2.081,-50.9
60789,2.091,-50.9
60798,2.1,-50.9
60809,2.111,-50.9
60819,2.121,-50.9
60829,2.131,-50.72
60838,2.14,-50.54
60849,2.151,-50.72
60859,2.161,-50.9
60869,2.171,-50.9
60879,2.181,-50.9
60889,2.191,-50.9
60899,2.201,-50.9
60909,2.211,-50.9
60919,2.221,-50.9
60929,2.231,-50.9
60939,2.241,-50.9
60949,2.251,-50.9
60959,2.261,-50.9
60968,2.27,-50.9
60979,2.281,-50.9
60989,2.291,-50.9
60999,2.301,-50.9
61009,2.311,-50.9
61019,2.321,-50.9
61029,2.331,-50.9
61039,2.341,-50.9
61049,2.351,-50.9
61059,2.361,-50.9
61069,2.371,-50.9
61079,2.381,-50.9
61089,2.391,-50.9
61099,2.401,-50.9
61109,2.411,-50.9
61119,2.421,-50.9
61129,2.431,-50.9
61139,2.441,-50.72
61149,2.451,-50.72
61159,2.461,-50.9
61169,2.471,-50.9
61179,2.481,-50.72
61189,2.491,-50.72
61199,2.501,-50.9
61209,2.511,-50.9
61219,2.521,-50.72
61229,2.531,-50.72
61239,2.541,-50.9
61249,2.551,-50.72
61259,2.561,-50.54
61270,2.572,-50.54
61279,2.581,-50.72
61289,2.591,-50.9
61299,2.601,-50.9
61309,2.611,-50.9
61319,2.621,-50.72
61329,2.631,-50.72
61339,2.641,-50.9
61349,2.651,-50.72
61359,2.661,-50.72
61369,2.671,-50.9
61379,2.681,-50.72
61389,2.691,-50.54
61400,2.702,-50.54
61409,2.711,-50.54
61419,2.721,-50.72
61429,2.731,-50.72
61440,2.742,-50.72
61449,2.751,-50.9
61459,2.761,-50.72
61469,2.771,-50.54
61479,2.781,-50.54
61489,2.791,-50.54
61499,2.801,-50.72
61509,2.811,-50.72
61519,2.821,-50.54
61530,2.832,-50.72
61539,2.841,-50.72
61549,2.851,-50.54
61559,2.861,-50.54
61570,2.872,-50.72
61579,2.881,-50.72
61589,2.891,-50.54
61599,2.901,-50.72
61609,2.911,-50.9
61619,2.921,-50.72
61629,2.931,-50.54
61639,2.941,-50.54
61649,2.951,-50.72
61659,2.961,-50.9
61669,2.971,-50.72
61679,2.981,-50.54
61689,2.991,-50.54
61700,3.002,-50.54
61709,3.011,-50.54
61719,3.021,-50.35
61729,3.031,-50.54
61740,3.042,-50.72
61749,3.051,-50.72
61759,3.061,-50.72
61769,3.071,-50.54
61779,3.081,-50.35
61789,3.091,-50.35
61799,3.101,-50.54
61809,3.111,-50.54
61819,3.121,-50.54
61830,3.132,-50.54
61839,3.141,-50.54
61849,3.151,-50.54
61859,3.161,-50.54
61870,3.172,-50.54
61879,3.181,-50.54
61889,3.191,-50.54
61899,3.201,-50.54
61910,3.212,-50.54
61919,3.221,-50.54
61929,3.231,-50.54
61939,3.241,-50.54
61949,3.251,-50.54
61960,3.262,-50.54
61969,3.271,-50.54
61979,3.281,-50.54
61989,3.291,-50.54
62000,3.302,-50.54
62009,3.311,-50.54
62019,3.321,-50.54
62029,3.331,-50.72
62040,3.342,-50.72
62049,3.351,-50.54
62059,3.361,-50.54
62069,3.371,-50.54
62080,3.382,-50.54
62090,3.392,-50.54
62099,3.401,-50.54
62109,3.411,-50.72
62119,3.421,-50.72
62130,3.432,-50.54
62139,3.441,-50.54
62149,3.451,-50.72
62159,3.461,-50.72
62170,3.472,-50.54
62179,3.481,-50.54
62189,3.491,-50.54
62199,3.501,-50.54
62210,3.512,-50.54
62220,3.522,-50.54
62229,3.531,-50.54
62239,3.541,-50.54
62249,3.551,-50.54
62260,3.562,-50.54
62269,3.571,-50.35
62279,3.581,-50.17
62289,3.591,-50.17
62300,3.602,-49.99
62309,3.611,-49.99
62319,3.621,-50.17
62329,3.631,-50.17
62340,3.642,-50.17
62350,3.652,-49.99
62359,3.661,-49.81
62369,3.671,-49.81
62380,3.682,-49.99
62390,3.692,-49.99
62399,3.701,-49.81
62409,3.711,-49.81
62419,3.721,-49.62
62430,3.732,-49.62
62439,3.741,-49.81
62449,3.751,-49.81
62459,3.761,-49.81
62470,3.772,-49.81
62479,3.781,-49.81
62489,3.791,-49.81
62499,3.801,-49.81
62510,3.812,-49.81
62520,3.822,-49.81
62529,3.831,-49.81
62539,3.841,-49.81
62550,3.852,-49.81
62560,3.862,-49.81
62569,3.871,-49.62
62579,3.881,-49.44
62589,3.891,-49.44
62600,3.902,-49.44
62609,3.911,-49.44
62619,3.921,-49.44
62629,3.931,-49.44
62640,3.942,-49.44
62650,3.952,-49.44
62659,3.961,-49.44
62669,3.971,-49.44
62680,3.982,-49.26
62690,3.992,-49.08
62699,4.001,-49.08
62709,4.011,-49.08
62720,4.022,-49.08
62730,4.032,-49.08
62740,4.042,-48.89
62749,4.051,-48.71
62759,4.061,-48.71
62770,4.072,-48.71
62780,4.082,-48.53
62789,4.091,-48.34
62799,4.101,-48.34
62810,4.112,-48.34
62820,4.122,-48.34
62829,4.131,-48.34
62839,4.141,-48.34
62850,4.152,-48.16
62860,4.162,-47.98
62869,4.171,-47.98
62879,4.181,-47.98
62889,4.191,-47.8
62900,4.202,-47.61
62910,4.212,-47.61
62919,4.221,-47.61
62929,4.231,-47.8
62940,4.242,-47.8
62950,4.252,-47.61
62959,4.261,-47.61
62969,4.271,-47.61
62980,4.282,-47.61
62990,4.292,-47.61
62999,4.301,-47.61
63009,4.311,-47.61
63020,4.322,-47.61
63030,4.332,-47.61
63040,4.342,-47.61
63049,4.351,-47.61
63059,4.361,-47.61
63070,4.372,-47.61
63080,4.382,-47.61
63089,4.391,-47.61
63099,4.401,-47.61
63110,4.412,-47.61
63120,4.422,-47.61
63129,4.431,-47.61
63139,4.441,-47.61
63150,4.452,-47.61
63160,4.462,-47.61
63170,4.472,-47.61
63179,4.481,-47.61
63190,4.492,-47.61
63200,4.502,-47.61
63210,4.512,-47.61
63219,4.521,-47.61
63229,4.531,-47.43
63240,4.542,-47.43
63250,4.552,-47.61
63259,4.561,-47.61
63269,4.571,-47.43
63280,4.582,-47.25
63290,4.592,-47.25
63299,4.601,-47.25
63309,4.611,-47.25
63320,4.622,-47.25
63330,4.632,-47.25
63340,4.642,-47.25
63349,4.651,-47.25
63360,4.662,-47.25
63370,4.672,-47.25
63380,4.682,-47.25
63389,4.691,-47.25
63399,4.701,-47.25
63410,4.712,-47.25
63420,4.722,-47.25
63429,4.731,-47.25
63439,4.741,-47.25
63450,4.752,-47.25
63460,4.762,-47.25
63470,4.772,-47.25
63479,4.781,-47.25
63490,4.792,-47.25
63500,4.802,-47.25
63510,4.812,-47.25
63519,4.821,-47.25
63529,4.831,-47.25
63540,4.842,-47.25
63550,4.852,-47.25
63559,4.861,-47.25
63569,4.871,-47.25
63580,4.882,-47.25
63590,4.892,-47.25
63600,4.902,-47.25
63609,4.911,-47.25
63620,4.922,-47.25
63630,4.932,-47.25
63640,4.942,-47.06
63649,4.951,-47.06
63660,4.962,-47.25
63670,4.972,-47.06
63680,4.982,-46.7
63689,4.991,-46.52
63699,5.001,-46.7
63710,5.012,-46.7
63720,5.022,-46.33
63730,5.032,-46.15
63739,5.041,-46.15
63750,5.052,-46.15
63760,5.062,-46.15
63770,5.072,-46.15
63779,5.081,-46.15
63790,5.092,-45.97
63800,5.102,-45.78
63810,5.112,-45.78
63819,5.121,-45.78
63830,5.132,-45.78
63840,5.142,-45.78
63850,5.152,-45.78
63860,5.162,-45.78
63869,5.171,-45.78
63880,5.182,-45.78
63890,5.192,-45.78
63900,5.202,-45.78
63909,5.211,-45.78
63920,5.222,-45.78
63930,5.232,-45.78
63940,5.242,-45.78
63949,5.251,-45.78
63960,5.262,-45.78
63970,5.272,-45.78
63980,5.282,-45.78
63990,5.292,-45.78
64000,5.302,-45.78
64010,5.312,-45.78
64020,5.322,-45.78
64030,5.332,-45.78
64039,5.341,-45.78
64050,5.352,-45.78
64060,5.362,-45.78
64070,5.372,-45.78
64079,5.381,-45.78
64090,5.392,-45.78
64100,5.402,-45.78
64110,5.412,-45.78
64119,5.421,-45.78
64130,5.432,-45.78
64140,5.442,-45.78
64150,5.452,-45.78
64160,5.462,-45.78
64169,5.471,-45.78
64180,5.482,-45.78
64190,5.492,-45.78
64200,5.502,-45.78
64209,5.511,-45.78
64220,5.522,-45.6
64230,5.532,-45.42
64240,5.542,-45.42
64249,5.551,-45.42
64260,5.562,-45.42
64270,5.572,-45.42
64280,5.582,-45.42
64290,5.592,-45.24
64300,5.602,-45.05
64310,5.612,-45.05
64320,5.622,-45.05
64330,5.632,-44.87
64339,5.641,-44.69
64350,5.652,-44.69
64360,5.662,-44.69
64370,5.672,-44.69
64379,5.681,-44.69
64390,5.692,-44.69
64400,5.702,-44.69
64410,5.712,-44.69
64420,5.722,-44.69
64430,5.732,-44.51
64440,5.742,-44.32
64450,5.752,-44.32
64460,5.762,-44.32
64470,5.772,-44.51
64480,5.782,-44.51
64490,5.792,-44.32
64500,5.802,-44.14
64509,5.811,-44.14
64520,5.822,-44.14
64530,5.832,-43.96
64540,5.842,-43.96
64550,5.852,-43.96
64560,5.862,-43.96
64570,5.872,-43.96
64580,5.882,-43.77
64590,5.892,-43.77
64600,5.902,-43.96
64610,5.912,-43.96
64620,5.922,-43.96
64630,5.932,-43.96
64640,5.942,-43.96
64650,5.952,-43.96
64660,5.962,-43.96
64670,5.972,-43.96
64679,5.981,-43.96
64690,5.992,-43.96
64700,6.002,-43.96
64710,6.012,-43.96
64720,6.022,-43.96
64730,6.032,-43.96
64740,6.042,-43.96
64750,6.052,-43.96
64760,6.062,-43.96
64770,6.072,-43.96
64780,6.082,-43.96
64790,6.092,-43.96
64800,6.102,-43.77
64811,6.113,-43.59
64820,6.122,-43.59
64830,6.132,-43.59
64840,6.142,-43.59
64850,6.152,-43.59
64860,6.162,-43.59
64870,6.172,-43.59
64880,6.182,-43.59
64890,6.192,-43.59
64900,6.202,-43.59
64910,6.212,-43.59
64920,6.222,-43.41
64930,6.232,-43.41
64941,6.243,-43.59
64950,6.252,-43.59
64960,6.262,-43.41
64970,6.272,-43.41
64980,6.282,-43.41
64990,6.292,-43.23
65000,6.302,-43.23
65010,6.312,-43.23
65020,6.322,-43.23
65030,6.332,-43.23
65040,6.342,-43.23
65050,6.352,-43.23
65060,6.362,-43.23
65070,6.372,-43.23
65080,6.382,-43.23
65090,6.392,-43.23
65100,6.402,-43.23
65111,6.413,-43.23
65120,6.422,-43.23
65130,6.432,-43.23
65140,6.442,-43.23
65150,6.452,-43.23
65160,6.462,-43.23
65170,6.472,-43.23
65180,6.482,-43.23
65190,6.492,-43.23
65200,6.502,-43.23
65210,6.512,-43.04
65220,6.522,-43.04
65230,6.532,-43.23
65241,6.543,-43.04
65250,6.552,-43.04
65260,6.562,-43.04
65270,6.572,-42.86
65281,6.583,-42.86
65290,6.592,-42.86
65300,6.602,-42.86
65310,6.612,-42.86
65320,6.622,-42.86
65330,6.632,-42.86
65340,6.642,-43.04
65350,6.652,-43.04
65360,6.662,-42.68
65371,6.673,-42.49
65380,6.682,-42.49
65390,6.692,-42.31
65400,6.702,-42.13
65411,6.713,-42.13
65420,6.722,-42.13
65430,6.732,-42.13
65440,6.742,-42.13
65451,6.753,-42.13
65460,6.762,-42.13
65470,6.772,-42.13
65480,6.782,-42.13
65490,6.792,-42.13
65501,6.803,-42.13
65510,6.812,-42.13
65520,6.822,-41.95
65530,6.832,-41.76
65541,6.843,-41.76
65550,6.852,-41.76
65560,6.862,-41.76
65570,6.872,-41.76
65581,6.883,-41.76
65590,6.892,-41.76
65600,6.902,-41.76
65610,6.912,-41.76
65620,6.922,-41.76
65631,6.933,-41.76
65640,6.942,-41.76
65650,6.952,-41.76
65660,6.962,-41.76
65671,6.973,-41.76
65680,6.982,-41.58
65690,6.992,-41.58
65700,7.002,-41.58
65711,7.013,-41.58
65720,7.022,-41.58
65730,7.032,-41.4
65740,7.042,-41.4
65751,7.053,-41.4
65760,7.062,-41.4
65770,7.072,-41.4
65780,7.082,-41.4
65790,7.092,-41.4
65801,7.103,-41.4
65810,7.112,-41.21
65820,7.122,-41.21
65830,7.132,-41.4
65841,7.143,-41.4
65850,7.152,-41.4
65860,7.162,-41.4
65870,7.172,-41.4
65881,7.183,-41.21
65891,7.193,-41.03
65900,7.202,-41.03
65910,7.212,-41.21
65921,7.223,-41.4
65931,7.233,-41.21
65940,7.242,-41.03
65950,7.252,-41.03
65960,7.262,-41.03
65971,7.273,-41.03
65980,7.282,-41.03
65990,7.292,-41.03
66000,7.302,-41.03
66011,7.313,-41.03
66020,7.322,-41.03
66030,7.332,-41.03
66040,7.342,-41.03
66051,7.353,-41.03
66061,7.363,-41.03
66070,7.372,-41.03
66080,7.382,-41.03
66091,7.393,-41.03
66101,7.403,-41.03
66110,7.412,-41.03
66120,7.422,-41.03
66130,7.432,-41.03
66141,7.443,-41.03
66150,7.452,-41.03
66160,7.462,-41.03
66170,7.472,-41.03
66181,7.483,-41.03
66191,7.493,-41.03
66200,7.502,-41.03
66210,7.512,-41.03
66221,7.523,-41.03
66231,7.533,-41.03
66240,7.542,-41.03
66250,7.552,-41.03
66260,7.562,-41.03
66271,7.573,-41.03
66280,7.582,-41.03
66290,7.592,-41.03
66300,7.602,-41.03
66311,7.613,-41.03
66321,7.623,-41.03
66330,7.632,-40.85
66340,7.642,-40.48
66351,7.653,-40.48
66361,7.663,-40.48
66370,7.672,-40.3
66380,7.682,-40.3
66391,7.693,-40.3
66401,7.703,-40.12
66410,7.712,-39.94
66420,7.722,-39.75
66430,7.732,-39.57
66441,7.743,-39.39
66451,7.753,-39.02
66460,7.762,-38.66
66470,7.772,-38.47
66481,7.783,-38.47
66491,7.793,-38.47
66500,7.802,-38.29
66510,7.812,-38.11
66521,7.823,-38.11
66531,7.833,-37.92
66540,7.842,-37.74
66550,7.852,-37.74
66561,7.863,-37.74
66571,7.873,-37.74
66580,7.882,-37.74
66590,7.892,-37.74
66600,7.902,-37.74
66611,7.913,-37.74
66621,7.923,-37.92
66630,7.932,-38.11
66640,7.942,-38.11
66651,7.953,-37.92
66661,7.963,-37.74
66670,7.972,-37.74
66680,7.982,-37.74
66691,7.993,-37.74
66701,8.003,-37.74
66710,8.012,-37.74
66720,8.022,-37.74
66731,8.033,-37.74
66741,8.043,-37.74
66751,8.053,-37.74
66760,8.062,-37.92
66770,8.072,-37.92
66781,8.083,-37.92
66791,8.093,-38.11
66800,8.102,-37.92
66810,8.112,-37.74
66821,8.123,-37.92
66831,8.133,-37.92
66840,8.142,-37.74
66850,8.152,-37.74
66861,8.163,-37.74
66871,8.173,-37.74
66881,8.183,-37.74
66890,8.192,-37.74
66900,8.202,-37.74
66911,8.213,-37.74
66921,8.223,-37.92
66930,8.232,-37.92
66940,8.242,-37.74
66951,8.253,-37.74
66961,8.263,-37.74
66970,8.272,-37.74
66980,8.282,-37.74
66991,8.293,-37.74
67001,8.303,-37.74
67011,8.313,-37.74
67020,8.322,-37.56
67031,8.333,-37.38
67041,8.343,-37.38
67051,8.353,-37.38
67060,8.362,-37.38
67070,8.372,-37.19
67081,8.383,-37.01
67091,8.393,-36.83
67100,8.402,-36.46
67110,8.412,-36.28
67121,8.423,-36.1
67131,8.433,-35.91
67140,8.442,-35.91
67150,8.452,-35.91
67161,8.463,-35.73
67171,8.473,-35.55
67181,8.483,-35.55
67190,8.492,-35.55
67201,8.503,-35.37
67211,8.513,-35.18
67221,8.523,-35.18
67230,8.532,-35.18
67240,8.542,-35.18
67251,8.553,-35.18
67261,8.563,-35.18
67271,8.573,-35.37
67280,8.582,-35.37
67291,8.593,-35.18
67301,8.603,-35.18
67311,8.613,-35.18
67320,8.622,-35.18
67331,8.633,-35.18
67341,8.643,-35.18
67351,8.653,-35.18
67360,8.662,-35.18
67371,8.673,-35.18
67381,8.683,-35.18
67391,8.693,-35.18
67400,8.702,-35.18
67410,8.712,-35
67421,8.723,-34.82
67431,8.733,-34.82
67441,8.743,-34.82
67450,8.752,-34.82
67461,8.763,-34.82
67471,8.773,-34.82
67481,8.783,-34.82
67490,8.792,-34.82
67501,8.803,-34.82
67511,8.813,-34.82
67521,8.823,-34.82
67530,8.832,-34.82
67540,8.842,-34.82
67551,8.853,-34.63
67561,8.863,-34.63
67571,8.873,-34.63
67580,8.882,-34.45
67591,8.893,-34.45
67601,8.903,-34.45
67611,8.913,-34.63
67620,8.922,-34.63
67631,8.933,-34.45
67641,8.943,-34.45
67651,8.953,-34.45
67660,8.962,-34.45
67671,8.973,-34.45
67681,8.983,-34.45
67691,8.993,-34.27
67701,9.003,-34.27
67710,9.012,-34.45
67721,9.023,-34.45
67731,9.033,-34.45
67741,9.043,-34.45
67750,9.052,-34.45
67761,9.063,-34.45
67771,9.073,-34.27
67781,9.083,-34.27
67790,9.092,-34.45
67801,9.103,-34.27
67811,9.113,-34.27
67821,9.123,-34.45
67831,9.133,-34.45
67841,9.143,-34.27
67851,9.153,-34.09
67861,9.163,-34.27
67871,9.173,-34.45
67880,9.182,-34.27
67891,9.193,-34.09
67901,9.203,-34.09
67911,9.213,-34.09
67920,9.222,-34.27
67931,9.233,-34.27
67941,9.243,-34.09
67951,9.253,-34.09
67960,9.262,-34.09
67971,9.273,-34.27
67981,9.283,-34.27
67991,9.293,-34.09
68001,9.303,-34.09
68011,9.313,-34.09
68021,9.323,-34.09
68031,9.333,-34.09
68041,9.343,-34.09
68050,9.352,-34.09
68061,9.363,-34.09
68071,9.373,-33.9
68081,9.383,-33.9
68091,9.393,-34.09
68101,9.403,-34.09
68111,9.413,-34.09
68121,9.423,-34.09
68131,9.433,-34.09
68141,9.443,-33.9
68151,9.453,-33.72
68161,9.463,-33.72
68171,9.473,-33.72
68180,9.482,-33.72
68191,9.493,-33.72
68201,9.503,-33.72
68211,9.513,-33.72
68220,9.522,-33.72
68231,9.533,-33.54
68241,9.543,-33.35
68251,9.553,-33.35
68261,9.563,-33.35
68271,9.573,-33.35
68281,9.583,-33.35
68291,9.593,-33.35
68301,9.603,-33.17
68311,9.613,-32.99
68321,9.623,-32.99
68331,9.633,-32.99
68341,9.643,-32.99
68350,9.652,-32.99
68361,9.663,-32.99
68371,9.673,-32.99
68381,9.683,-32.99
68391,9.693,-32.99
68401,9.703,-32.99
68411,9.713,-32.81
68421,9.723,-32.62
68431,9.733,-32.62
68441,9.743,-32.62
68451,9.753,-32.62
68461,9.763,-32.44
68471,9.773,-32.44
68481,9.783,-32.62
68491,9.793,-32.62
68501,9.803,-32.62
68511,9.813,-32.62
68520,9.822,-32.62
68531,9.833,-32.62
68541,9.843,-32.62
68551,9.853,-32.62
68561,9.863,-32.62
68571,9.873,-32.62
68581,9.883,-32.62
68591,9.893,-32.62
68601,9.903,-32.62
68611,9.913,-32.44
68621,9.923,-32.44
68631,9.933,-32.62
68641,9.943,-32.44
68652,9.954,-32.26
68661,9.963,-32.26
68671,9.973,-32.44
68681,9.983,-32.44
68691,9.993,-32.26
68701,10.003,-32.26
68711,10.013,-32.26
68721,10.023,-32.26
68731,10.033,-32.26
68741,10.043,-32.26
68751,10.053,-32.26
68761,10.063,-32.26
68771,10.073,-32.26
68781,10.083,-32.26
68791,10.093,-32.26
68801,10.103,-32.26
68811,10.113,-32.26
68822,10.124,-32.26
68831,10.133,-32.26
68841,10.143,-32.26
68851,10.153,-32.07
68861,10.163,-31.89
68871,10.173,-31.89
68881,10.183,-31.89
68891,10.193,-31.89
68901,10.203,-31.89
68911,10.213,-31.89
68921,10.223,-31.71
68931,10.233,-31.53
68941,10.243,-31.53
68952,10.254,-31.71
68961,10.263,-31.71
68971,10.273,-31.53
68981,10.283,-31.53
68992,10.294,-31.53
69001,10.303,-31.34
69011,10.313,-31.16
69021,10.323,-31.16
69031,10.333,-31.16
69041,10.343,-31.16
69051,10.353,-31.16
69061,10.363,-31.16
69071,10.373,-31.16
69082,10.384,-31.16
69091,10.393,-31.16
69101,10.403,-31.16
69111,10.413,-31.16
69122,10.424,-31.16
69131,10.433,-31.16
69141,10.443,-31.16
69151,10.453,-30.98
69161,10.463,-30.98
69171,10.473,-30.98
69181,10.483,-30.8
69191,10.493,-30.8
69201,10.503,-30.8
69211,10.513,-30.8
69221,10.523,-30.61
69231,10.533,-30.43
69241,10.543,-30.61
69252,10.554,-30.8
69261,10.563,-30.8
69271,10.573,-30.8
69281,10.583,-30.8
69292,10.594,-30.8
69301,10.603,-30.61
69311,10.613,-30.43
69321,10.623,-30.61
69331,10.633,-30.61
69341,10.643,-30.61
69351,10.653,-30.61
69361,10.663,-30.43
69371,10.673,-30.61
69382,10.684,-30.61
69391,10.693,-30.43
69401,10.703,-30.43
69411,10.713,-30.43
69422,10.724,-30.43
69431,10.733,-30.43
69441,10.743,-30.61
69451,10.753,-30.61
69462,10.764,-30.43
69471,10.773,-30.43
69481,10.783,-30.43
69491,10.793,-30.43
69501,10.803,-30.43
69512,10.814,-30.43
69521,10.823,-30.43
69531,10.833,-30.43
69541,10.843,-30.61
69552,10.854,-30.61
69561,10.863,-30.43
69571,10.873,-30.43
69581,10.883,-30.43
69592,10.894,-30.43
69602,10.904,-30.43
69611,10.913,-30.43
69621,10.923,-30.43
69632,10.934,-30.43
69642,10.944,-30.43
69651,10.953,-30.43
69661,10.963,-30.43
69671,10.973,-30.43
69682,10.984,-30.43
69691,10.993,-30.25
69701,11.003,-30.06
69711,11.013,-30.06
69722,11.024,-30.06
69731,11.033,-30.06
69741,11.043,-30.06
69751,11.053,-30.06
69762,11.064,-30.06
69772,11.074,-30.06
69781,11.083,-30.06
69791,11.093,-30.06
69801,11.103,-30.06
69812,11.114,-29.88
69821,11.123,-29.7
69831,11.133,-29.7
69841,11.143,-29.88
69852,11.154,-29.88
69862,11.164,-29.7
69871,11.173,-29.52
69881,11.183,-29.33
69892,11.194,-29.33
69902,11.204,-29.33
69911,11.213,-29.33
69921,11.223,-29.33
69932,11.234,-29.15
69942,11.244,-29.15
69951,11.253,-29.33
69961,11.263,-29.33
69971,11.273,-29.33
69982,11.284,-29.33
69991,11.293,-29.33
70001,11.303,-29.15
70011,11.313,-28.97
70022,11.324,-28.97
70032,11.334,-28.97
70041,11.343,-29.15
70051,11.353,-29.33
70062,11.364,-29.15
70072,11.374,-28.97
70081,11.383,-28.97
70091,11.393,-29.15
70102,11.404,-29.15
70112,11.414,-28.97
70122,11.424,-28.78
70131,11.433,-28.6
70141,11.443,-28.6
70152,11.454,-28.42
70162,11.464,-28.24
70171,11.473,-28.05
70181,11.483,-27.87
70192,11.494,-27.69
70202,11.504,-27.5
70211,11.513,-27.32
70221,11.523,-27.14
70232,11.534,-26.96
70242,11.544,-26.77
70251,11.553,-26.59
70261,11.563,-26.59
70272,11.574,-26.77
70282,11.584,-26.77
70292,11.594,-26.59
70301,11.603,-26.41
70311,11.613,-26.23
70322,11.624,-26.04
70332,11.634,-25.86
70341,11.643,-25.68
70351,11.653,-25.68
70362,11.664,-25.68
70372,11.674,-25.68
70381,11.683,-25.86
70391,11.693,-25.86
70402,11.704,-25.68
70412,11.714,-25.68
70421,11.723,-25.68
70431,11.733,-25.68
70441,11.743,-25.68
70452,11.754,-25.68
70462,11.764,-25.68
70471,11.773,-25.49
70481,11.783,-25.49
70492,11.794,-25.68
70502,11.804,-25.68
70511,11.813,-25.68
70521,11.823,-25.68
70532,11.834,-25.68
70542,11.844,-25.68
70551,11.853,-25.68
70561,11.863,-25.68
70572,11.874,-25.68
70582,11.884,-25.68
70592,11.894,-25.68
70601,11.903,-25.68
70611,11.913,-25.68
70622,11.924,-25.86
70632,11.934,-25.86
70641,11.943,-25.68
70651,11.953,-25.86
70662,11.964,-25.86
70672,11.974,-25.86
70681,11.983,-25.86
70691,11.993,-25.68
70702,12.004,-25.68
70712,12.014,-25.68
70722,12.024,-25.68
70731,12.033,-25.68
70742,12.044,-25.86
70752,12.054,-25.86
70762,12.064,-25.68
70771,12.073,-25.68
70781,12.083,-25.68
70792,12.094,-25.68
70802,12.104,-25.68
70811,12.113,-25.86
70821,12.123,-25.86
70832,12.134,-25.86
70842,12.144,-25.86
70852,12.154,-25.68
70861,12.163,-25.68
70872,12.174,-25.68
70882,12.184,-25.68
70892,12.194,-25.68
70901,12.203,-25.68
70912,12.214,-25.68
70922,12.224,-25.68
70932,12.234,-25.68
70941,12.243,-25.68
70951,12.253,-25.68
70962,12.264,-25.68
70972,12.274,-25.68
70982,12.284,-25.68
70991,12.293,-25.68
71002,12.304,-25.49
71012,12.314,-25.13
71022,12.324,-24.95
71031,12.333,-24.95
71042,12.344,-24.76
71052,12.354,-24.58
71062,12.364,-24.58
71071,12.373,-24.4
71081,12.383,-24.21
71092,12.394,-24.21
71102,12.404,-24.21
71112,12.414,-24.03
71121,12.423,-23.85
71132,12.434,-23.85
71142,12.444,-23.85
71152,12.454,-23.67
71161,12.463,-23.48
71172,12.474,-23.48
71182,12.484,-23.48
71192,12.494,-23.48
71201,12.503,-23.48
71212,12.514,-23.48
71222,12.524,-23.48
71232,12.534,-23.48
71242,12.544,-23.48
71251,12.553,-23.48
71262,12.564,-23.48
71272,12.574,-23.48
71282,12.584,-23.48
71291,12.593,-23.48
71302,12.604,-23.48
71312,12.614,-23.48
71322,12.624,-23.48
71331,12.633,-23.48
71342,12.644,-23.48
71352,12.654,-23.48
71362,12.664,-23.48
71372,12.674,-23.48
71382,12.684,-23.48
71392,12.694,-23.48
71402,12.704,-23.48
71412,12.714,-23.48
71421,12.723,-23.48
71432,12.734,-23.48
71442,12.744,-23.3
71452,12.754,-23.3
71461,12.763,-23.48
71472,12.774,-23.48
71482,12.784,-23.48
71492,12.794,-23.3
71502,12.804,-23.3
71512,12.814,-23.48
71522,12.824,-23.48
71532,12.834,-23.48
71542,12.844,-23.48
71552,12.854,-23.48
71562,12.864,-23.48
71572,12.874,-23.48
71582,12.884,-23.48
71591,12.893,-23.48
71602,12.904,-23.48
71612,12.914,-23.48
71622,12.924,-23.48
71632,12.934,-23.48
71642,12.944,-23.48
71652,12.954,-23.48
71662,12.964,-23.48
71672,12.974,-23.48
71682,12.984,-23.48
71692,12.994,-23.48
71702,13.004,-23.48
71712,13.014,-23.48
71721,13.023,-23.3
71732,13.034,-23.12
71742,13.044,-23.3
71752,13.054,-23.3
71762,13.064,-23.12
71772,13.074,-23.12
71782,13.084,-22.93
71792,13.094,-22.75
71802,13.104,-22.57
71812,13.114,-22.2
71822,13.124,-22.02
71832,13.134,-21.84
71842,13.144,-21.66
71852,13.154,-21.47
71862,13.164,-21.29
71872,13.174,-21.29
71882,13.184,-21.29
71891,13.193,-21.29
71902,13.204,-21.11
71912,13.214,-20.92
71922,13.224,-20.92
71932,13.234,-20.92
71942,13.244,-20.92
71952,13.254,-20.74
71962,13.264,-20.56
71972,13.274,-20.56
71982,13.284,-20.56
71992,13.294,-20.56
72002,13.304,-20.56
72012,13.314,-20.74
72022,13.324,-20.74
72032,13.334,-20.56
72042,13.344,-20.56
72052,13.354,-20.56
72062,13.364,-20.56
72072,13.374,-20.56
72082,13.384,-20.56
72092,13.394,-20.56
72102,13.404,-20.56
72112,13.414,-20.56
72122,13.424,-20.56
72132,13.434,-20.56
72142,13.444,-20.56
72152,13.454,-20.56
72162,13.464,-20.56
72172,13.474,-20.56
72182,13.484,-20.74
72193,13.495,-20.74
72202,13.504,-20.56
72212,13.514,-20.56
72222,13.524,-20.56
72232,13.534,-20.56
72242,13.544,-20.56
72252,13.554,-20.56
72262,13.564,-20.56
72272,13.574,-20.56
72282,13.584,-20.74
72292,13.594,-20.74
72302,13.604,-20.56
72312,13.614,-20.74
72322,13.624,-20.74
72332,13.634,-20.56
72342,13.644,-20.56
72352,13.654,-20.56
72363,13.665,-20.56
72372,13.674,-20.74
72382,13.684,-20.74
72392,13.694,-20.56
72402,13.704,-20.56
72412,13.714,-20.56
72422,13.724,-20.56
72432,13.734,-20.56
72442,13.744,-20.56
72452,13.754,-20.56
72462,13.764,-20.56
72472,13.774,-20.74
72482,13.784,-20.74
72493,13.795,-20.56
72502,13.804,-20.56
72512,13.814,-20.56
72522,13.824,-20.56
72532,13.834,-20.56
72542,13.844,-20.56
72552,13.854,-20.56
72562,13.864,-20.56
72572,13.874,-20.56
72582,13.884,-20.56
72592,13.894,-20.56
72602,13.904,-20.56
72612,13.914,-20.56
72623,13.925,-20.38
72632,13.934,-20.19
72642,13.944,-20.19
72652,13.954,-20.01
72663,13.965,-19.64
72672,13.974,-19.46
72682,13.984,-19.28
72692,13.994,-19.1
72702,14.004,-19.1
72712,14.014,-19.1
72722,14.024,-19.1
72732,14.034,-19.1
72742,14.044,-18.91
72753,14.055,-18.73
72762,14.064,-18.73
72772,14.074,-18.55
72782,14.084,-18.18
72793,14.095,-18
72802,14.104,-18
72812,14.114,-17.82
72822,14.124,-17.63
72833,14.135,-17.63
72842,14.144,-17.63
72852,14.154,-17.63
72862,14.164,-17.63
72872,14.174,-17.63
72883,14.185,-17.63
72892,14.194,-17.63
72902,14.204,-17.63
72912,14.214,-17.63
72923,14.225,-17.63
72932,14.234,-17.63
72942,14.244,-17.63
72952,14.254,-17.63
72963,14.265,-17.63
72972,14.274,-17.63
72982,14.284,-17.63
72992,14.294,-17.63
73003,14.305,-17.63
73013,14.315,-17.63
73022,14.324,-17.63
73032,14.334,-17.63
73042,14.344,-17.63
73053,14.355,-17.63
73062,14.364,-17.63
73072,14.374,-17.63
73082,14.384,-17.63
73093,14.395,-17.63
73102,14.404,-17.63
73112,14.414,-17.63
73122,14.424,-17.63
73133,14.435,-17.63
73143,14.445,-17.63
73152,14.454,-17.63
73162,14.464,-17.63
73172,14.474,-17.63
73183,14.485,-17.63
73192,14.494,-17.63
73202,14.504,-17.63
73212,14.514,-17.63
73223,14.525,-17.63
73232,14.534,-17.63
73242,14.544,-17.63
73252,14.554,-17.63
73263,14.565,-17.63
73273,14.575,-17.63
73282,14.584,-17.63
73292,14.594,-17.63
73303,14.605,-17.63
73313,14.615,-17.63
73322,14.624,-17.63
73332,14.634,-17.63
73342,14.644,-17.63
73353,14.655,-17.63
73362,14.664,-17.63
73372,14.674,-17.63
73382,14.684,-17.45
73393,14.695,-17.45
73403,14.705,-17.63
73412,14.714,-17.63
73422,14.724,-17.63
73433,14.735,-17.63
73443,14.745,-17.63
73452,14.754,-17.63
73462,14.764,-17.63
73473,14.775,-17.63
73483,14.785,-17.63
73492,14.794,-17.63
73502,14.804,-17.63
73512,14.814,-17.63
73523,14.825,-17.63
73533,14.835,-17.63
73542,14.844,-17.63
73552,14.854,-17.63
73563,14.865,-17.63
73573,14.875,-17.63
73582,14.884,-17.63
73592,14.894,-17.63
73603,14.905,-17.63
73613,14.915,-17.63
73622,14.924,-17.63
73632,14.934,-17.63
73643,14.945,-17.63
73653,14.955,-17.63
73663,14.965,-17.63
73672,14.974,-17.63
73682,14.984,-17.63
73693,14.995,-17.63
73703,15.005,-17.63
73712,15.014,-17.63
73722,15.024,-17.63
73733,15.035,-17.45
73743,15.045,-17.27
73752,15.054,-17.27
73762,15.064,-17.27
73773,15.075,-17.27
73783,15.085,-17.09
73793,15.095,-16.9
73802,15.104,-16.9
73812,15.114,-16.9
73823,15.125,-16.72
73833,15.135,-16.72
73842,15.144,-16.72
73852,15.154,-16.72
73863,15.165,-16.72
73873,15.175,-16.54
73882,15.184,-16.54
73892,15.194,-16.54
73903,15.205,-16.54
73913,15.215,-16.54
73923,15.225,-16.54
73932,15.234,-16.54
73943,15.245,-16.54
73953,15.255,-16.54
73963,15.265,-16.54
73972,15.274,-16.54
73982,15.284,-16.35
73993,15.295,-16.35
74003,15.305,-16.54
74012,15.314,-16.54
74022,15.324,-16.54
74033,15.335,-16.54
74043,15.345,-16.54
74052,15.354,-16.54
74062,15.364,-16.54
74073,15.375,-16.54
74083,15.385,-16.54
74093,15.395,-16.54
74102,15.404,-16.54
74113,15.415,-16.54
74123,15.425,-16.54
74133,15.435,-16.54
74142,15.444,-16.54
74152,15.454,-16.54
74163,15.465,-16.54
74173,15.475,-16.54
74182,15.484,-16.54
74192,15.494,-16.54
74203,15.505,-16.54
74213,15.515,-16.54
74223,15.525,-16.54
74232,15.534,-16.54
74243,15.545,-16.54
74253,15.555,-16.54
74263,15.565,-16.54
74272,15.574,-16.54
74283,15.585,-16.54
74293,15.595,-16.54
74303,15.605,-16.54
74312,15.614,-16.54
74322,15.624,-16.54
74333,15.635,-16.35
74343,15.645,-16.17
74353,15.655,-16.17
74362,15.664,-16.17
74373,15.675,-16.17
74383,15.685,-16.17
74393,15.695,-16.17
74402,15.704,-16.17
74413,15.715,-16.17
74423,15.725,-15.99
74433,15.735,-15.81
74442,15.744,-15.81
74452,15.754,-15.81
74463,15.765,-15.81
74473,15.775,-15.81
74483,15.785,-15.81
74492,15.794,-15.81
74503,15.805,-15.81
74513,15.815,-15.62
74523,15.825,-15.44
74532,15.834,-15.44
74543,15.845,-15.62
74553,15.855,-15.81
74563,15.865,-15.81
74572,15.874,-15.62
74583,15.885,-15.44
74593,15.895,-15.44
74603,15.905,-15.62
74613,15.915,-15.81
74622,15.924,-15.81
74633,15.935,-15.62
74643,15.945,-15.44
74653,15.955,-15.44
74662,15.964,-15.62
74673,15.975,-15.81
74683,15.985,-15.81
74693,15.995,-15.81
74702,16.004,-15.81
74713,16.015,-15.62
74723,16.025,-15.44
74733,16.035,-15.62
74743,16.045,-15.62
74753,16.055,-15.44
74763,16.065,-15.44
74773,16.075,-15.62
74783,16.085,-15.81
74792,16.094,-15.81
74803,16.105,-15.81
74813,16.115,-15.62
74823,16.125,-15.62
74832,16.134,-15.81
74843,16.145,-15.81
74853,16.155,-15.62
74863,16.165,-15.44
74872,16.174,-15.44
74883,16.185,-15.44
74893,16.195,-15.44
74903,16.205,-15.44
74913,16.215,-15.62
74923,16.225,-15.81
74933,16.235,-15.62
74943,16.245,-15.62
74953,16.255,-15.62
74962,16.264,-15.44
74973,16.275,-15.62
74983,16.285,-15.62
74993,16.295,-15.44
75003,16.305,-15.62
75013,16.315,-15.62
75023,16.325,-15.44
75033,16.335,-15.62
75043,16.345,-15.81
75053,16.355,-15.62
75063,16.365,-15.44
75073,16.375,-15.44
75083,16.385,-15.44
75092,16.394,-15.62
75103,16.405,-15.81
75113,16.415,-15.81
75123,16.425,-15.81
75132,16.434,-15.81
75143,16.445,-15.62
75153,16.455,-15.62
75163,16.465,-15.81
75173,16.475,-15.81
75183,16.485,-15.62
75193,16.495,-15.44
75203,16.505,-15.44
75213,16.515,-15.44
75223,16.525,-15.62
75233,16.535,-15.62
75243,16.545,-15.62
75253,16.555,-15.62
75262,16.564,-15.44
75273,16.575,-15.44
75283,16.585,-15.44
75293,16.595,-15.62
75303,16.605,-15.62
75313,16.615,-15.44
75323,16.625,-15.44
75333,16.635,-15.44
75343,16.645,-15.44
75353,16.655,-15.44
75363,16.665,-15.44
75373,16.675,-15.44
75383,16.685,-15.44
75393,16.695,-15.44
75403,16.705,-15.62
75413,16.715,-15.62
75423,16.725,-15.44
75433,16.735,-15.26
75443,16.745,-15.26
75453,16.755,-15.44
75463,16.765,-15.44
75473,16.775,-15.44
75483,16.785,-15.44
75493,16.795,-15.44
75503,16.805,-15.44
75513,16.815,-15.44
75523,16.825,-15.44
75533,16.835,-15.44
75543,16.845,-15.44
75553,16.855,-15.44
75563,16.865,-15.44
75573,16.875,-15.44
75583,16.885,-15.44
75593,16.895,-15.44
75603,16.905,-15.44
75613,16.915,-15.44
75623,16.925,-15.44
75633,16.935,-15.44
75643,16.945,-15.44
75653,16.955,-15.62
75663,16.965,-15.62
75673,16.975,-15.44
75683,16.985,-15.44
75693,16.995,-15.44
75703,17.005,-15.44
75713,17.015,-15.44
75723,17.025,-15.44
75734,17.036,-15.44
75743,17.045,-15.44
75753,17.055,-15.44
75763,17.065,-15.44
75773,17.075,-15.44
75783,17.085,-15.44
75793,17.095,-15.44
75803,17.105,-15.44
75813,17.115,-15.44
75823,17.125,-15.44
75833,17.135,-15.44
75843,17.145,-15.44
75853,17.155,-15.44
75863,17.165,-15.44
75873,17.175,-15.44
75883,17.185,-15.44
75893,17.195,-15.44
75904,17.206,-15.44
75913,17.215,-15.44
75923,17.225,-15.44
75933,17.235,-15.44
75943,17.245,-15.26
75953,17.255,-15.07
75963,17.265,-15.07
75973,17.275,-15.07
75983,17.285,-14.89
75994,17.296,-14.53
76003,17.305,-14.53
76013,17.315,-14.53
76023,17.325,-14.34
76034,17.336,-14.34
76043,17.345,-14.34
76053,17.355,-14.34
76063,17.365,-14.34
76073,17.375,-14.16
76083,17.385,-13.98
76093,17.395,-13.98
76103,17.405,-13.98
76113,17.415,-13.98
76123,17.425,-13.98
76133,17.435,-13.79
76143,17.445,-13.61
76153,17.455,-13.61
76164,17.466,-13.61
76173,17.475,-13.61
76183,17.485,-13.61
76193,17.495,-13.61
76204,17.506,-13.61
76213,17.515,-13.61
76223,17.525,-13.61
76233,17.535,-13.61
76243,17.545,-13.61
76253,17.555,-13.61
76263,17.565,-13.61
76273,17.575,-13.61
76283,17.585,-13.61
76294,17.596,-13.61
76303,17.605,-13.61
76313,17.615,-13.61
76323,17.625,-13.61
76334,17.636,-13.61
76343,17.645,-13.61
76353,17.655,-13.61
76363,17.665,-13.61
76374,17.676,-13.43
76383,17.685,-13.43
76393,17.695,-13.43
76403,17.705,-13.43
76413,17.715,-13.61
76424,17.726,-13.61
76433,17.735,-13.61
76443,17.745,-13.61
76453,17.755,-13.43
76464,17.766,-13.43
76473,17.775,-13.61
76483,17.785,-13.43
76493,17.795,-13.43
76504,17.806,-13.61
76513,17.815,-13.61
76523,17.825,-13.61
76533,17.835,-13.61
76544,17.846,-13.43
76554,17.856,-13.25
76563,17.865,-13.25
76573,17.875,-13.25
76583,17.885,-13.25
76594,17.896,-13.25
76603,17.905,-13.25
76613,17.915,-13.25
76623,17.925,-13.25
76634,17.936,-13.25
76643,17.945,-13.25
76653,17.955,-13.25
76663,17.965,-13.25
76674,17.976,-13.25
76684,17.986,-13.25
76693,17.995,-13.25
76703,18.005,-13.25
76713,18.015,-13.25
76724,18.026,-13.25
76733,18.035,-13.25
76743,18.045,-13.25
76753,18.055,-13.25
76764,18.066,-13.25
76773,18.075,-13.25
76783,18.085,-13.25
76793,18.095,-13.25
76804,18.106,-13.25
76814,18.116,-13.25
76823,18.125,-13.25
76833,18.135,-13.25
76844,18.146,-13.25
76854,18.156,-13.25
76863,18.165,-13.25
76873,18.175,-13.25
76883,18.185,-13.25
76894,18.196,-13.25
76903,18.205,-13.25
76913,18.215,-13.25
76923,18.225,-13.25
76934,18.236,-13.25
76944,18.246,-13.25
76953,18.255,-13.25
76963,18.265,-13.25
76974,18.276,-13.25
76984,18.286,-13.25
76993,18.295,-13.25
77003,18.305,-13.25
77014,18.316,-13.25
77024,18.326,-13.25
77033,18.335,-13.25
77043,18.345,-13.25
77053,18.355,-13.25
77064,18.366,-13.25
77073,18.375,-13.25
77083,18.385,-13.25
77093,18.395,-13.25
77104,18.406,-13.25
77114,18.416,-13.25
77123,18.425,-13.25
77133,18.435,-13.25
77144,18.446,-13.25
77154,18.456,-13.25
77163,18.465,-13.25
77173,18.475,-13.25
77184,18.486,-13.25
77194,18.496,-13.06
77204,18.506,-12.88
77213,18.515,-12.88
77223,18.525,-12.88
77234,18.536,-12.88
77244,18.546,-12.88
77253,18.555,-12.88
77263,18.565,-12.7
77274,18.576,-12.52
77284,18.586,-12.52
77293,18.595,-12.33
77303,18.605,-12.15
77314,18.616,-11.78
77324,18.626,-11.6
77333,18.635,-11.6
77343,18.645,-11.42
77353,18.655,-11.24
77364,18.666,-11.05
77374,18.676,-10.87
77383,18.685,-10.69
77393,18.695,-10.69
77404,18.706,-10.69
77414,18.716,-10.5
77423,18.725,-10.32
77433,18.735,-10.14
77444,18.746,-10.14
77454,18.756,-10.14
77463,18.765,-9.96
77473,18.775,-9.96
77484,18.786,-9.77
77494,18.796,-9.59
77504,18.806,-9.59
77513,18.815,-9.59
77523,18.825,-9.59
77534,18.836,-9.59
77544,18.846,-9.59
77553,18.855,-9.59
77563,18.865,-9.59
77574,18.876,-9.59
77584,18.886,-9.59
77593,18.895,-9.59
77603,18.905,-9.59
77614,18.916,-9.59
77624,18.926,-9.59
77634,18.936,-9.59
77643,18.945,-9.59
77654,18.956,-9.59
77664,18.966,-9.77
77674,18.976,-9.77
77683,18.985,-9.59
77693,18.995,-9.59
77704,19.006,-9.59
77714,19.016,-9.59
77723,19.025,-9.59
77733,19.035,-9.59
77744,19.046,-9.59
77754,19.056,-9.59
77763,19.065,-9.59
77773,19.075,-9.59
77784,19.086,-9.77
77794,19.096,-9.77
77804,19.106,-9.59
77813,19.115,-9.59
77824,19.126,-9.59
77834,19.136,-9.59
77844,19.146,-9.59
77853,19.155,-9.59
77863,19.165,-9.59
77874,19.176,-9.59
77884,19.186,-9.59
77893,19.195,-9.59
77903,19.205,-9.59
77914,19.216,-9.59
77924,19.226,-9.59
77934,19.236,-9.59
77943,19.245,-9.59
77954,19.256,-9.59
77964,19.266,-9.59
77974,19.276,-9.59
77983,19.285,-9.59
77993,19.295,-9.59
78004,19.306,-9.59
78014,19.316,-9.59
78023,19.325,-9.59
78033,19.335,-9.59
78044,19.346,-9.59
78054,19.356,-9.59
78064,19.366,-9.77
78073,19.375,-9.96
78084,19.386,-9.96
78094,19.396,-9.77
78104,19.406,-9.59
78113,19.415,-9.59
78124,19.426,-9.59
78134,19.436,-9.59
78144,19.446,-9.59
78153,19.455,-9.59
78163,19.465,-9.59
78174,19.476,-9.59
78184,19.486,-9.77
78193,19.495,-9.77
78203,19.505,-9.59
78214,19.516,-9.59
78224,19.526,-9.59
78234,19.536,-9.59
78243,19.545,-9.59
78254,19.556,-9.59
78264,19.566,-9.59
78274,19.576,-9.59
78283,19.585,-9.59
78294,19.596,-9.59
78304,19.606,-9.59
78314,19.616,-9.77
78323,19.625,-9.77
78333,19.635,-9.77
78344,19.646,-9.77
78354,19.656,-9.59
78363,19.665,-9.59
78373,19.675,-9.59
78384,19.686,-9.59
78394,19.696,-9.59
78404,19.706,-9.59
78413,19.715,-9.59
78424,19.726,-9.59
78434,19.736,-9.59
78444,19.746,-9.59
78453,19.755,-9.59
78464,19.766,-9.59
78474,19.776,-9.59
78484,19.786,-9.59
78493,19.795,-9.59
78503,19.805,-9.59
78514,19.816,-9.59
78524,19.826,-9.59
78534,19.836,-9.59
78543,19.845,-9.59
78554,19.856,-9.59
78564,19.866,-9.59
78574,19.876,-9.59
78583,19.885,-9.59
78594,19.896,-9.59
78604,19.906,-9.77
78614,19.916,-9.77
78623,19.925,-9.59
78633,19.935,-9.59
78644,19.946,-9.59
78654,19.956,-9.59
78664,19.966,-9.41
78673,19.975,-9.41
78684,19.986,-9.59
78694,19.996,-9.59
78704,20.006,-9.59
78713,20.015,-9.59
78724,20.026,-9.59
78734,20.036,-9.59
78744,20.046,-9.59
78753,20.055,-9.59
78764,20.066,-9.59
78774,20.076,-9.59
78784,20.086,-9.59
78793,20.095,-9.59
78803,20.105,-9.59
78814,20.116,-9.59
78824,20.126,-9.59
78834,20.136,-9.59
78843,20.145,-9.59
78854,20.156,-9.59
78864,20.166,-9.59
78874,20.176,-9.59
78883,20.185,-9.59
78894,20.196,-9.59
78904,20.206,-9.59
78914,20.216,-9.59
78923,20.225,-9.59
78934,20.236,-9.59
78944,20.246,-9.59
78954,20.256,-9.59
78964,20.266,-9.59
78973,20.275,-9.59
78984,20.286,-9.59
78994,20.296,-9.59
79004,20.306,-9.59
79013,20.315,-9.59
79024,20.326,-9.59
79034,20.336,-9.59
79044,20.346,-9.59
79053,20.355,-9.59
79064,20.366,-9.59
79074,20.376,-9.59
79084,20.386,-9.59
79093,20.395,-9.59
79104,20.406,-9.59
79114,20.416,-9.59
79124,20.426,-9.59
79134,20.436,-9.59
79143,20.445,-9.41
79154,20.456,-9.22
79164,20.466,-9.22
79174,20.476,-9.04
79183,20.485,-8.86
79194,20.496,-8.86
79204,20.506,-8.68
79214,20.516,-8.49
79223,20.525,-8.49
79234,20.536,-8.49
79244,20.546,-8.49
79254,20.556,-8.31
79264,20.566,-8.13
79273,20.575,-8.31
79284,20.586,-8.31
79294,20.596,-8.13
79304,20.606,-7.95
79313,20.615,-7.95
79324,20.626,-8.13
79334,20.636,-8.13
79344,20.646,-8.13
79353,20.655,-8.13
79364,20.666,-8.13
79374,20.676,-8.13
79384,20.686,-8.13
79394,20.696,-8.13
79404,20.706,-8.13
79414,20.716,-8.13
79424,20.726,-8.13
79434,20.736,-8.13
79443,20.745,-8.13
79454,20.756,-8.13
79464,20.766,-8.13
79474,20.776,-8.13
79483,20.785,-8.13
79494,20.796,-8.13
79504,20.806,-8.13
79514,20.816,-8.13
79523,20.825,-8.13
79534,20.836,-8.13
79544,20.846,-8.13
79554,20.856,-8.13
79564,20.866,-8.13
79574,20.876,-8.13
79584,20.886,-8.13
79594,20.896,-8.13
79604,20.906,-8.13
79613,20.915,-8.13
79624,20.926,-8.13
79634,20.936,-8.13
79644,20.946,-8.13
79653,20.955,-8.13
79664,20.966,-8.13
79674,20.976,-8.13
79684,20.986,-8.13
79694,20.996,-8.13
79704,21.006,-8.13
79714,21.016,-8.13
79724,21.026,-8.13
79734,21.036,-8.13
79744,21.046,-8.13
79754,21.056,-8.13
79764,21.066,-8.13
79774,21.076,-8.13
79783,21.085,-8.13
79794,21.096,-8.13
79804,21.106,-8.13
79814,21.116,-8.13
79823,21.125,-8.13
79834,21.136,-8.13
79844,21.146,-8.13
79854,21.156,-8.13
79864,21.166,-8.13
79874,21.176,-8.13
79884,21.186,-8.13
79894,21.196,-8.31
79904,21.206,-8.31
79913,21.215,-8.13
79924,21.226,-8.13
79934,21.236,-8.13
79944,21.246,-8.13
79953,21.255,-8.13
79964,21.266,-8.13
79974,21.276,-8.13
79984,21.286,-8.13
79993,21.295,-8.13
80004,21.306,-8.13
80014,21.316,-8.13
80024,21.326,-8.13
80034,21.336,-8.13
80044,21.346,-8.13
80054,21.356,-8.13
80064,21.366,-8.13
80074,21.376,-8.13
80083,21.385,-8.13
80094,21.396,-8.13
80104,21.406,-8.13
80114,21.416,-8.13
80123,21.425,-8.13
80134,21.436,-8.31
80144,21.446,-8.31
80154,21.456,-8.13
80164,21.466,-8.13
80174,21.476,-8.13
80184,21.486,-8.13
80194,21.496,-8.13
80204,21.506,-8.13
80214,21.516,-8.13
80224,21.526,-8.13
80234,21.536,-8.13
80244,21.546,-8.13
80253,21.555,-8.13
80264,21.566,-8.13
80274,21.576,-8.13
80284,21.586,-8.13
80294,21.596,-8.13
80304,21.606,-8.13
80314,21.616,-8.13
80324,21.626,-8.13
80334,21.636,-8.13
80344,21.646,-7.95
80354,21.656,-7.95
80364,21.666,-8.13
80374,21.676,-8.13
80384,21.686,-8.13
80394,21.696,-8.13
80404,21.706,-8.13
80414,21.716,-8.13
80423,21.725,-8.13
80434,21.736,-8.13
80444,21.746,-8.13
80454,21.756,-8.13
80464,21.766,-8.13
80474,21.776,-8.13
80484,21.786,-8.13
80494,21.796,-8.13
80504,21.806,-8.13
80514,21.816,-8.13
80524,21.826,-8.13
80534,21.836,-7.95
80544,21.846,-7.95
80553,21.855,-7.95
80564,21.866,-7.76
80574,21.876,-7.76
80584,21.886,-7.76
80594,21.896,-7.76
80604,21.906,-7.76
80614,21.916,-7.76
80624,21.926,-7.76
80634,21.936,-7.76
80644,21.946,-7.76
80654,21.956,-7.95
80664,21.966,-7.95
80674,21.976,-7.76
80684,21.986,-7.76
80694,21.996,-7.76
80704,22.006,-7.76
80714,22.016,-7.76
80724,22.026,-7.76
80734,22.036,-7.76
80744,22.046,-7.76
80754,22.056,-7.76
80764,22.066,-7.76
80774,22.076,-7.95
80784,22.086,-8.13
80794,22.096,-7.95
80804,22.106,-7.76
80814,22.116,-7.76
80824,22.126,-7.76
80834,22.136,-7.76
80844,22.146,-7.76
80855,22.157,-7.76
80864,22.166,-7.76
80874,22.176,-7.76
80884,22.186,-7.76
80894,22.196,-7.76
80904,22.206,-7.76
80914,22.216,-7.95
80924,22.226,-7.95
80934,22.236,-7.76
80944,22.246,-7.95
80954,22.256,-7.95
80964,22.266,-7.76
80974,22.276,-7.76
80984,22.286,-7.76
80994,22.296,-7.76
81004,22.306,-7.95
81014,22.316,-8.13
81025,22.327,-7.95
81034,22.336,-7.76
81044,22.346,-7.76
81054,22.356,-7.76
81064,22.366,-7.76
81074,22.376,-7.76
81084,22.386,-7.76
81094,22.396,-7.76
81104,22.406,-7.95
81114,22.416,-7.95
81124,22.426,-7.76
81134,22.436,-7.58
81144,22.446,-7.4
81155,22.457,-7.4
81164,22.466,-7.4
81174,22.476,-7.4
81184,22.486,-7.4
81195,22.497,-7.4
81204,22.506,-7.21
81214,22.516,-7.21
81224,22.526,-7.21
81234,22.536,-7.03
81244,22.546,-7.03
81254,22.556,-7.03
81264,22.566,-7.03
81274,22.576,-7.03
81285,22.587,-7.03
81294,22.596,-7.03
81304,22.606,-7.03
81314,22.616,-6.85
81325,22.627,-6.85
81334,22.636,-6.85
81344,22.646,-6.67
81354,22.656,-6.67
81364,22.666,-6.67
81374,22.676,-6.67
81384,22.686,-6.67
81394,22.696,-6.67
81404,22.706,-6.67
81415,22.717,-6.85
81424,22.726,-6.85
81434,22.736,-6.67
81444,22.746,-6.67
81455,22.757,-6.67
81464,22.766,-6.67
81474,22.776,-6.67
81484,22.786,-6.67
81495,22.797,-6.67
81504,22.806,-6.67
81514,22.816,-6.67
81524,22.826,-6.85
81534,22.836,-6.85
81544,22.846,-6.67
81554,22.856,-6.67
81564,22.866,-6.67
81574,22.876,-6.67
81585,22.887,-6.67
81594,22.896,-6.67
81604,22.906,-6.67
81614,22.916,-6.67
81625,22.927,-6.67
81634,22.936,-6.67
81644,22.946,-6.67
81654,22.956,-6.67
81665,22.967,-6.67
81674,22.976,-6.67
81684,22.986,-6.67
81694,22.996,-6.67
81704,23.006,-6.67
81715,23.017,-6.67
81724,23.026,-6.67
81734,23.036,-6.67
81744,23.046,-6.67
81755,23.057,-6.67
81764,23.066,-6.67
81774,23.076,-6.67
81784,23.086,-6.67
81795,23.097,-6.67
81804,23.106,-6.67
81814,23.116,-6.67
81824,23.126,-6.67
81835,23.137,-6.67
81845,23.147,-6.85
81854,23.156,-6.85
81864,23.166,-6.67
81874,23.176,-6.67
81885,23.187,-6.67
81894,23.196,-6.67
81904,23.206,-6.67
81914,23.216,-6.67
81925,23.227,-6.67
81934,23.236,-6.67
81944,23.246,-6.67
81954,23.256,-6.67
81965,23.267,-6.67
81974,23.276,-6.67
81984,23.286,-6.67
81994,23.296,-6.67
82004,23.306,-6.67
82015,23.317,-6.67
82024,23.326,-6.67
82034,23.336,-6.67
82044,23.346,-6.67
82055,23.357,-6.85
82064,23.366,-6.85
82074,23.376,-6.67
82084,23.386,-6.67
82095,23.397,-6.67
82104,23.406,-6.67
82114,23.416,-6.67
82124,23.426,-6.67
82135,23.437,-6.67
82145,23.447,-6.67
82154,23.456,-6.67
82164,23.466,-6.85
82174,23.476,-6.85
82185,23.487,-6.67
82194,23.496,-6.67
82204,23.506,-6.67
82214,23.516,-6.67
82225,23.527,-6.67
82234,23.536,-6.67
82244,23.546,-6.67
82254,23.556,-6.67
82265,23.567,-6.67
82275,23.577,-6.67
82284,23.586,-6.67
82294,23.596,-6.67
82305,23.607,-6.48
82315,23.617,-6.3
82324,23.626,-6.3
82334,23.636,-6.3
82344,23.646,-6.3
82355,23.657,-6.3
82364,23.666,-6.12
82374,23.676,-6.12
82384,23.686,-6.12
82395,23.697,-5.75
82405,23.707,-5.57
82414,23.716,-5.57
82424,23.726,-5.39
82435,23.737,-5.2
82445,23.747,-5.2
82454,23.756,-5.2
82464,23.766,-5.2
82475,23.777,-5.2
82485,23.787,-5.2
82494,23.796,-5.2
82504,23.806,-5.2
82514,23.816,-5.2
82525,23.827,-5.2
82534,23.836,-5.2
82544,23.846,-5.2
82554,23.856,-5.2
82565,23.867,-5.2
82575,23.877,-5.02
82584,23.886,-5.02
82594,23.896,-5.2
82605,23.907,-5.2
82615,23.917,-5.2
82624,23.926,-5.02
82634,23.936,-5.02
82644,23.946,-5.2
82655,23.957,-5.2
82664,23.966,-5.02
82674,23.976,-5.02
82684,23.986,-5.2
82695,23.997,-5.2
82705,24.007,-5.02
82714,24.016,-5.02
82724,24.026,-5.2
82735,24.037,-5.2
82745,24.047,-5.2
82754,24.056,-5.2
82764,24.066,-5.02
82775,24.077,-5.02
82785,24.087,-5.2
82794,24.096,-5.2
82804,24.106,-5.2
82814,24.116,-5.2
82825,24.127,-5.2
82835,24.137,-5.2
82844,24.146,-5.02
82854,24.156,-5.02
82865,24.167,-5.2
82875,24.177,-5.02
82884,24.186,-5.02
82894,24.196,-5.2
82905,24.207,-5.2
82915,24.217,-5.02
82924,24.226,-5.02
82934,24.236,-5.2
82945,24.247,-5.2
82955,24.257,-5.2
82964,24.266,-5.2
82974,24.276,-5.2
82984,24.286,-5.02
82995,24.297,-5.02
83005,24.307,-5.2
83014,24.316,-5.2
83024,24.326,-5.2
83035,24.337,-5.2
83045,24.347,-5.2
83054,24.356,-5.2
83064,24.366,-5.2
83075,24.377,-5.02
83085,24.387,-5.02
83094,24.396,-5.02
83104,24.406,-5.02
83115,24.417,-5.2
83125,24.427,-5.2
83135,24.437,-5.2
83144,24.446,-5.2
83154,24.456,-5.02
83165,24.467,-5.02
83175,24.477,-5.2
83184,24.486,-5.2
83194,24.496,-5.2
83205,24.507,-5.2
83215,24.517,-5.2
83224,24.526,-5.2
83234,24.536,-5.2
83245,24.547,-5.2
83255,24.557,-5.2
83264,24.566,-5.2
83274,24.576,-5.2
83284,24.586,-5.2
83295,24.597,-5.02
83305,24.607,-5.02
83314,24.616,-5.2
83324,24.626,-5.2
83335,24.637,-5.02
83345,24.647,-5.02
83354,24.656,-5.2
83364,24.666,-5.2
83375,24.677,-5.2
83385,24.687,-5.2
83394,24.696,-5.2
83404,24.706,-5.2
83415,24.717,-5.2
83425,24.727,-5.2
83435,24.737,-5.02
83444,24.746,-5.02
83454,24.756,-5.2
83465,24.767,-5.02
83475,24.777,-4.84
83484,24.786,-5.02
83494,24.796,-5.2
83505,24.807,-5.02
83515,24.817,-5.02
83524,24.826,-5.2
83534,24.836,-5.2
83545,24.847,-5.2
83555,24.857,-5.2
83565,24.867,-5.2
83574,24.876,-5.2
83585,24.887,-5.2
83595,24.897,-5.2
83605,24.907,-5.2
83614,24.916,-5.2
83624,24.926,-5.2
83635,24.937,-5.2
83645,24.947,-5.2
83654,24.956,-5.2
83664,24.966,-5.02
83675,24.977,-5.02
83685,24.987,-5.2
83695,24.997,-5.02
83704,25.006,-5.02
83715,25.017,-5.2
83725,25.027,-5.02
83735,25.037,-5.02
83744,25.046,-5.2
83755,25.057,-5.2
83765,25.067,-5.2
83775,25.077,-5.2
83784,25.086,-5.2
83794,25.096,-5.2
83805,25.107,-5.2
83815,25.117,-5.02
83824,25.126,-5.02
83834,25.136,-5.2
83845,25.147,-5.2
83855,25.157,-5.2
83865,25.167,-5.2
83874,25.176,-5.2
83885,25.187,-5.02
83895,25.197,-5.02
83905,25.207,-5.2
83914,25.216,-5.2
83924,25.226,-5.2
83935,25.237,-5.2
83945,25.247,-5.02
83954,25.256,-5.02
83964,25.266,-5.2
83975,25.277,-5.2
83985,25.287,-5.2
83995,25.297,-5.2
84004,25.306,-5.2
84015,25.317,-5.2
84025,25.327,-5.02
84035,25.337,-5.02
84044,25.346,-5.2
84055,25.357,-5.2
84065,25.367,-5.2
84075,25.377,-5.2
84084,25.386,-5.2
84094,25.396,-5.2
84105,25.407,-5.2
84115,25.417,-5.2
84124,25.426,-5.2
84134,25.436,-5.2
84145,25.447,-5.2
84155,25.457,-5.02
84165,25.467,-5.02
84174,25.476,-5.2
84185,25.487,-5.2
84195,25.497,-5.2
84205,25.507,-5.2
84214,25.516,-5.2
84225,25.527,-5.2
84235,25.537,-5.2
84245,25.547,-5.02
84254,25.556,-4.84
84264,25.566,-4.84
84275,25.577,-5.02
84285,25.587,-5.02
84295,25.597,-4.84
84304,25.606,-4.84
84315,25.617,-4.65
84325,25.627,-4.65
84335,25.637,-4.65
84344,25.646,-4.47
84355,25.657,-4.47
84365,25.667,-4.47
84375,25.677,-4.29
84384,25.686,-4.29
84395,25.697,-4.29
84405,25.707,-4.11
84415,25.717,-4.11
84425,25.727,-4.11
84434,25.736,-4.11
84445,25.747,-4.11
84455,25.757,-4.11
84465,25.767,-4.11
84474,25.776,-3.92
84485,25.787,-3.74
84495,25.797,-3.74
84505,25.807,-3.74
84514,25.816,-3.74
84525,25.827,-3.74
84535,25.837,-3.74
84545,25.847,-3.74
84554,25.856,-3.74
84564,25.866,-3.74
84575,25.877,-3.74
84585,25.887,-3.74
84595,25.897,-3.74
84604,25.906,-3.74
84615,25.917,-3.74
84625,25.927,-3.74
84635,25.937,-3.74
84644,25.946,-3.74
84655,25.957,-3.74
84665,25.967,-3.74
84675,25.977,-3.74
84684,25.986,-3.74
84695,25.997,-3.74
84705,26.007,-3.92
84715,26.017,-3.92
84724,26.026,-3.92
84734,26.036,-4.11
84745,26.047,-3.92
84755,26.057,-3.74
84765,26.067,-3.74
84774,26.076,-3.74
84785,26.087,-3.74
84795,26.097,-3.74
84805,26.107,-3.74
84814,26.116,-3.74
84825,26.127,-3.74
84835,26.137,-3.74
84845,26.147,-3.74
84854,26.156,-3.74
84865,26.167,-3.74
84875,26.177,-3.74
84885,26.187,-3.74
84895,26.197,-3.74
84904,26.206,-3.74
84915,26.217,-3.92
84925,26.227,-3.92
84935,26.237,-3.74
84944,26.246,-3.74
84955,26.257,-3.74
84965,26.267,-3.74
84975,26.277,-3.74
84984,26.286,-3.74
84995,26.297,-3.74
85005,26.307,-3.92
85015,26.317,-3.92
85025,26.327,-3.74
85035,26.337,-3.74
85045,26.347,-3.74
85055,26.357,-3.74
85065,26.367,-3.74
85074,26.376,-3.74
85085,26.387,-3.74
85095,26.397,-3.74
85105,26.407,-3.74
85114,26.416,-3.74
85125,26.427,-3.74
85135,26.437,-3.74
85145,26.447,-3.92
85154,26.456,-3.92
85165,26.467,-3.74
85175,26.477,-3.74
85185,26.487,-3.74
85195,26.497,-3.74
85204,26.506,-3.74
85215,26.517,-3.74
85225,26.527,-3.74
85235,26.537,-3.74
85244,26.546,-3.74
85255,26.557,-3.74
85265,26.567,-3.74
85275,26.577,-3.74
85284,26.586,-3.74
85295,26.597,-3.74
85305,26.607,-3.56
85315,26.617,-3.38
85325,26.627,-3.56
85335,26.637,-3.74
85345,26.647,-3.74
85355,26.657,-3.74
85365,26.667,-3.74
85374,26.676,-3.74
85385,26.687,-3.74
85395,26.697,-3.74
85405,26.707,-3.74
85414,26.716,-3.92
85425,26.727,-3.92
85435,26.737,-3.74
85445,26.747,-3.74
85454,26.756,-3.74
85465,26.767,-3.74
85475,26.777,-3.74
85485,26.787,-3.74
85495,26.797,-3.74
85505,26.807,-3.74
85515,26.817,-3.74
85525,26.827,-3.74
85535,26.837,-3.92
85544,26.846,-3.92
85555,26.857,-3.74
85565,26.867,-3.74
85575,26.877,-3.74
85584,26.886,-3.74
85595,26.897,-3.74
85605,26.907,-3.74
85615,26.917,-3.74
85625,26.927,-3.74
85635,26.937,-3.74
85645,26.947,-3.74
85655,26.957,-3.74
85665,26.967,-3.74
85675,26.977,-3.74
85685,26.987,-3.74
85695,26.997,-3.74
85705,27.007,-3.74
85714,27.016,-3.74
85725,27.027,-3.74
85735,27.037,-3.74
85745,27.047,-3.74
85754,27.056,-3.74
85765,27.067,-3.74
85775,27.077,-3.92
85785,27.087,-3.92
85795,27.097,-3.74
85805,27.107,-3.92
85815,27.117,-3.92
85825,27.127,-3.74
85835,27.137,-3.74
85844,27.146,-3.74
85855,27.157,-3.74
85865,27.167,-3.74
85875,27.177,-3.74
85884,27.186,-3.74
85895,27.197,-3.74
85905,27.207,-3.74
85915,27.217,-3.74
85925,27.227,-3.74
85935,27.237,-3.74
85945,27.247,-3.74
85955,27.257,-3.74
85965,27.267,-3.74
85975,27.277,-3.74
85985,27.287,-3.74
85995,27.297,-3.74
86005,27.307,-3.74
86014,27.316,-3.74
86025,27.327,-3.74
86035,27.337,-3.92
86045,27.347,-3.92
86055,27.357,-3.74
86065,27.367,-3.74
86075,27.377,-3.74
86085,27.387,-3.74
86095,27.397,-3.74
86105,27.407,-3.74
86115,27.417,-3.74
86125,27.427,-3.74
86135,27.437,-3.74
86145,27.447,-3.74
86155,27.457,-3.74
86165,27.467,-3.74
86175,27.477,-3.74
86184,27.486,-3.74
86195,27.497,-3.74
86205,27.507,-3.74
86215,27.517,-3.74
86225,27.527,-3.74
86235,27.537,-3.74
86245,27.547,-3.74
86255,27.557,-3.74
86265,27.567,-3.74
86275,27.577,-3.74
86285,27.587,-3.74
86295,27.597,-3.74
86305,27.607,-3.74
86315,27.617,-3.74
86325,27.627,-3.74
86335,27.637,-3.74
86345,27.647,-3.74
86354,27.656,-3.74
86365,27.667,-3.92
86375,27.677,-3.92
86385,27.687,-3.74
86395,27.697,-3.74
86405,27.707,-3.74
86415,27.717,-3.74
86425,27.727,-3.74
86435,27.737,-3.74
86445,27.747,-3.74
86455,27.757,-3.74
86465,27.767,-3.74
86475,27.777,-3.74
86484,27.786,-3.74
86495,27.797,-3.92
86505,27.807,-3.92
86515,27.817,-3.74
86525,27.827,-3.74
86535,27.837,-3.74
86545,27.847,-3.74
86555,27.857,-3.74
86565,27.867,-3.92
86575,27.877,-3.92
86585,27.887,-3.74
86595,27.897,-3.74
86605,27.907,-3.92
86615,27.917,-3.92
86625,27.927,-3.74
86635,27.937,-3.74
86645,27.947,-3.74
86656,27.958,-3.56
86665,27.967,-3.38
86675,27.977,-3.38
86685,27.987,-3.38
86695,27.997,-3.38
86705,28.007,-3.19
86715,28.017,-3.19
86725,28.027,-3.38
86735,28.037,-3.19
86745,28.047,-3.01
86755,28.057,-3.01
86765,28.067,-3.01
86775,28.077,-2.83
86785,28.087,-2.83
86795,28.097,-3.01
86805,28.107,-3.01
86815,28.117,-3.01
86825,28.127,-3.01
86835,28.137,-3.01
86845,28.147,-3.01
86855,28.157,-3.01
86865,28.167,-3.01
86875,28.177,-3.01
86885,28.187,-3.01
86895,28.197,-3.01
86905,28.207,-3.01
86915,28.217,-3.01
86925,28.227,-3.01
86935,28.237,-3.01
86945,28.247,-3.01
86956,28.258,-3.01
86965,28.267,-3.01
86975,28.277,-3.01
86985,28.287,-3.01
86995,28.297,-2.83
87005,28.307,-2.83
87015,28.317,-3.01
87025,28.327,-3.01
87035,28.337,-3.01
87045,28.347,-3.01
87055,28.357,-3.01
87065,28.367,-3.01
87075,28.377,-3.01
87086,28.388,-2.83
87095,28.397,-2.64
87105,28.407,-2.83
87115,28.417,-3.01
87126,28.428,-3.01
87135,28.437,-3.01
87145,28.447,-3.01
87155,28.457,-3.01
87165,28.467,-3.01
87175,28.477,-3.01
87185,28.487,-3.01
87195,28.497,-3.01
87205,28.507,-3.01
87215,28.517,-3.01
87225,28.527,-3.01
87235,28.537,-3.01
87245,28.547,-3.01
87256,28.558,-3.01
87265,28.567,-3.01
87275,28.577,-3.01
87285,28.587,-3.01
87296,28.598,-3.01
87305,28.607,-3.01
87315,28.617,-3.01
87325,28.627,-3.01
87335,28.637,-3.01
87345,28.647,-3.01
87355,28.657,-3.01
87365,28.667,-3.01
87375,28.677,-3.01
87385,28.687,-3.01
87395,28.697,-3.01
87405,28.707,-2.83
87415,28.717,-2.83
87426,28.728,-3.01
87435,28.737,-3.01
87445,28.747,-3.01
87455,28.757,-3.01
87465,28.767,-3.01
87475,28.777,-3.01
87485,28.787,-3.01
87495,28.797,-3.01
87505,28.807,-3.01
87515,28.817,-3.01
87525,28.827,-2.83
87535,28.837,-2.83
87545,28.847,-3.01
87556,28.858,-3.01
87565,28.867,-3.01
87575,28.877,-3.01
87585,28.887,-3.01
87596,28.898,-3.01
87605,28.907,-3.01
87615,28.917,-3.01
87625,28.927,-3.01
87635,28.937,-3.01
87645,28.947,-3.01
87655,28.957,-3.01
87665,28.967,-3.01
87675,28.977,-3.01
87685,28.987,-3.01
87695,28.997,-3.01
87705,29.007,-3.01
87715,29.017,-3.01
87726,29.028,-3.01
87735,29.037,-3.01
87745,29.047,-3.01
87755,29.057,-3.01
87766,29.068,-3.01
87775,29.077,-3.01
87785,29.087,-3.01
87795,29.097,-3.01
87805,29.107,-3.01
87815,29.117,-3.01
87825,29.127,-3.01
87835,29.137,-3.01
87845,29.147,-3.01
87856,29.158,-2.83
87865,29.167,-2.83
87875,29.177,-3.01
87885,29.187,-3.01
87896,29.198,-3.01
87905,29.207,-3.01
87915,29.217,-3.01
87925,29.227,-3.01
87936,29.238,-3.01
87945,29.247,-3.01
87955,29.257,-3.01
87965,29.267,-3.01
87975,29.277,-3.01
87985,29.287,-3.01
87995,29.297,-3.01
88005,29.307,-3.01
88015,29.317,-3.01
88026,29.328,-3.01
88035,29.337,-3.01
88045,29.347,-3.01
88055,29.357,-3.01
88066,29.368,-3.01
88075,29.377,-3.01
88085,29.387,-3.01
88095,29.397,-3.01
88105,29.407,-3.01
88115,29.417,-3.01
88125,29.427,-2.83
88135,29.437,-2.64
88145,29.447,-2.64
88156,29.458,-2.83
88165,29.467,-2.83
88175,29.477,-2.64
88185,29.487,-2.64
88196,29.498,-2.64
88205,29.507,-2.64
88215,29.517,-2.46
88225,29.527,-2.28
88236,29.538,-2.46
88245,29.547,-2.46
88255,29.557,-2.28
88265,29.567,-2.28
88275,29.577,-2.28
88286,29.588,-2.28
88295,29.597,-2.28
88305,29.607,-2.46
88315,29.617,-2.46
88326,29.628,-2.28
88335,29.637,-2.28
88345,29.647,-2.28
88355,29.657,-2.28
88366,29.668,-2.28
88375,29.677,-2.28
88385,29.687,-2.28
88395,29.697,-2.28
88406,29.708,-2.28
88415,29.717,-2.28
88425,29.727,-2.28
88435,29.737,-2.28
88445,29.747,-2.28
88456,29.758,-2.28
88465,29.767,-2.28
88475,29.777,-2.28
88485,29.787,-2.28
88496,29.798,-2.28
88505,29.807,-2.28
88515,29.817,-2.28
88525,29.827,-2.28
88536,29.838,-2.28
88545,29.847,-2.28
88555,29.857,-2.28
88565,29.867,-2.28
88576,29.878,-2.28
88586,29.888,-2.28
88595,29.897,-2.28
88605,29.907,-2.28
88615,29.917,-2.28
88626,29.928,-2.28
88635,29.937,-2.28
88645,29.947,-2.28
88655,29.957,-2.28
88666,29.968,-2.28
88675,29.977,-2.28
88685,29.987,-2.28
88695,29.997,-2.28
88706,30.008,-2.28
88715,30.017,-2.28
88725,30.027,-2.28
88735,30.037,-2.28
88745,30.047,-2.28
88756,30.058,-2.28
88765,30.067,-2.28
88775,30.077,-2.28
88785,30.087,-2.28
88796,30.098,-2.28
88805,30.107,-2.28
88815,30.117,-2.28
88825,30.127,-2.28
88836,30.138,-2.28
88845,30.147,-2.28
88855,30.157,-2.28
88865,30.167,-2.28
88876,30.178,-2.28
88885,30.187,-2.28
88895,30.197,-2.28
88905,30.207,-2.28
88915,30.217,-2.28
88926,30.228,-2.28
88935,30.237,-2.28
88945,30.247,-2.28
88955,30.257,-2.28
88966,30.268,-2.28
88975,30.277,-2.28
88985,30.287,-2.28
88995,30.297,-2.28
89006,30.308,-2.28
89015,30.317,-2.28
89025,30.327,-2.28
89035,30.337,-2.28
89046,30.348,-2.28
89055,30.357,-2.28
89065,30.367,-2.28
89075,30.377,-2.28
89085,30.387,-2.28
89096,30.398,-2.28
89105,30.407,-2.28
89115,30.417,-2.28
89125,30.427,-2.28
89136,30.438,-2.28
89145,30.447,-2.28
89155,30.457,-2.28
89165,30.467,-2.28
89176,30.478,-2.28
89185,30.487,-2.46
89195,30.497,-2.46
89205,30.507,-2.28
89216,30.518,-2.28
89226,30.528,-2.28
89235,30.537,-2.28
89245,30.547,-2.28
89255,30.557,-2.28
89266,30.568,-2.28
89275,30.577,-2.28
89285,30.587,-2.28
89295,30.597,-2.28
89306,30.608,-2.28
89315,30.617,-2.28
89325,30.627,-2.28
89335,30.637,-2.28
89346,30.648,-2.28
89355,30.657,-2.28
89365,30.667,-2.28
89375,30.677,-2.28
89385,30.687,-2.28
89396,30.698,-2.28
89405,30.707,-2.28
89415,30.717,-2.28
89425,30.727,-2.28
89436,30.738,-2.28
89445,30.747,-2.28
89455,30.757,-2.28
89465,30.767,-2.28
89476,30.778,-2.28
89485,30.787,-2.28
89495,30.797,-2.1
89505,30.807,-2.1
89516,30.818,-2.28
89526,30.828,-2.28
89535,30.837,-2.28
89545,30.847,-2.28
89555,30.857,-2.28
89566,30.868,-2.28
89575,30.877,-2.28
89585,30.887,-2.28
89595,30.897,-2.28
89606,30.908,-2.28
89615,30.917,-2.28
89625,30.927,-2.28
89635,30.937,-2.28
89646,30.948,-2.28
89655,30.957,-2.28
89665,30.967,-2.28
89675,30.977,-2.28
89686,30.988,-2.1
89696,30.998,-2.1
89705,31.007,-2.28
89715,31.017,-2.46
89725,31.027,-2.46
89736,31.038,-2.28
89745,31.047,-2.28
89755,31.057,-2.28
89765,31.067,-2.28
89776,31.078,-2.28
89785,31.087,-2.28
89795,31.097,-2.28
89805,31.107,-2.28
89816,31.118,-2.28
89826,31.128,-2.28
89835,31.137,-2.28
89845,31.147,-2.28
89856,31.158,-2.28
89866,31.168,-2.28
89875,31.177,-2.28
89885,31.187,-2.28
89895,31.197,-2.28
89906,31.208,-2.28
89915,31.217,-2.28
89925,31.227,-2.28
89935,31.237,-2.28
89946,31.248,-2.28
89956,31.258,-2.28
89965,31.267,-2.28
89975,31.277,-2.28
89986,31.288,-2.28
89996,31.298,-2.28
90005,31.307,-2.28
90015,31.317,-2.28
90025,31.327,-2.28
90036,31.338,-2.28
90045,31.347,-2.28
90055,31.357,-2.28
90065,31.367,-2.28
90076,31.378,-2.28
90085,31.387,-2.28
90095,31.397,-2.28
90105,31.407,-2.28
90116,31.418,-2.1
90126,31.428,-1.91
90135,31.437,-1.91
90145,31.447,-1.91
90156,31.458,-1.73
90166,31.468,-1.55
90175,31.477,-1.55
90185,31.487,-1.55
90195,31.497,-1.36
90206,31.508,-1.18
90215,31.517,-1.18
90225,31.527,-1.18
90235,31.537,-1
90246,31.548,-0.63
90256,31.558,-0.45
90265,31.567,-0.45
90275,31.577,-0.45
90286,31.588,-0.45
90296,31.598,-0.45
90305,31.607,-0.45
90315,31.617,-0.45
90326,31.628,-0.45
90336,31.638,-0.45
90345,31.647,-0.27
90355,31.657,-0.08
90365,31.667,-0.08
90376,31.678,-0.08
90386,31.688,-0.08
90395,31.697,-0.08
90405,31.707,-0.08
90416,31.718,-0.08
90426,31.728,-0.08
90435,31.737,-0.08
90445,31.747,-0.08
90456,31.758,-0.08
90466,31.768,-0.08
90475,31.777,-0.08
90485,31.787,-0.08
90496,31.798,-0.08
90506,31.808,-0.08
90515,31.817,-0.08
90525,31.827,-0.08
90535,31.837,-0.08
90546,31.848,-0.08
90556,31.858,-0.08
90565,31.867,-0.08
90575,31.877,-0.08
90586,31.888,-0.08
90596,31.898,-0.08
90605,31.907,-0.08
90615,31.917,-0.08
90626,31.928,-0.08
90636,31.938,-0.08
90645,31.947,-0.08
90655,31.957,-0.08
90665,31.967,-0.08
90676,31.978,-0.08
90686,31.988,-0.08
90695,31.997,-0.08
90705,32.007,-0.08
90716,32.018,-0.08
90726,32.028,-0.08
90735,32.037,-0.08
90745,32.047,-0.08
90756,32.058,-0.08
90766,32.068,-0.08
90775,32.077,-0.08
90785,32.087,-0.08
90796,32.098,-0.08
90806,32.108,-0.08
90815,32.117,-0.08
90825,32.127,-0.08
90835,32.137,-0.08
90846,32.148,-0.08
90856,32.158,-0.08
90865,32.167,-0.08
90875,32.177,-0.08
90886,32.188,-0.08
90896,32.198,-0.08
90905,32.207,-0.08
90915,32.217,-0.08
90926,32.228,-0.08
90936,32.238,-0.08
90945,32.247,-0.08
90955,32.257,-0.08
90966,32.268,-0.08
90976,32.278,-0.08
90986,32.288,-0.08
90995,32.297,-0.08
91005,32.307,-0.08
91016,32.318,-0.08
91026,32.328,-0.08
91035,32.337,-0.27
91045,32.347,-0.27
91056,32.358,-0.08
91066,32.368,-0.08
91075,32.377,-0.08
91085,32.387,-0.08
91096,32.398,-0.08
91106,32.408,-0.08
91116,32.418,-0.08
91125,32.427,-0.08
91136,32.438,-0.08
91146,32.448,0.1
91156,32.458,0.1
91165,32.467,-0.08
91175,32.477,-0.08
91186,32.488,-0.08
91196,32.498,-0.08
91205,32.507,-0.08
91215,32.517,-0.08
91226,32.528,-0.08
91236,32.538,-0.08
91246,32.548,-0.08
91255,32.557,-0.08
91266,32.568,-0.08
91276,32.578,-0.08
91286,32.588,-0.08
91295,32.597,-0.08
91305,32.607,-0.08
91316,32.618,-0.08
91326,32.628,-0.08
91335,32.637,-0.08
91345,32.647,-0.08
91356,32.658,-0.08
91366,32.668,-0.08
91375,32.677,-0.08
91385,32.687,-0.08
91396,32.698,-0.08
91406,32.708,-0.08
91416,32.718,-0.08
91425,32.727,-0.08
91436,32.738,-0.08
91446,32.748,-0.08
91456,32.758,-0.08
91465,32.767,-0.08
91475,32.777,-0.08
91486,32.788,-0.08
91496,32.798,-0.08
91505,32.807,-0.08
91515,32.817,-0.08
91526,32.828,-0.08
91536,32.838,-0.08
91546,32.848,-0.08
91555,32.857,-0.08
91566,32.868,-0.08
91576,32.878,-0.08
91586,32.888,-0.08
91595,32.897,-0.08
91606,32.908,-0.08
91616,32.918,-0.08
91626,32.928,-0.08
91635,32.937,-0.08
91645,32.947,-0.08
91656,32.958,-0.08
91666,32.968,-0.08
91676,32.978,-0.08
91685,32.987,-0.08
91696,32.998,-0.08
91706,33.008,-0.08
91716,33.018,-0.08
91725,33.027,-0.08
91736,33.038,-0.08
91746,33.048,-0.08
91756,33.058,-0.08
91765,33.067,-0.08
91776,33.078,-0.08
91786,33.088,-0.08
91796,33.098,-0.08
91806,33.108,-0.08
91815,33.117,-0.08
91826,33.128,-0.08
91836,33.138,-0.08
91846,33.148,-0.08
91855,33.157,-0.08
91866,33.168,-0.08
91876,33.178,-0.08
91886,33.188,-0.08
91895,33.197,-0.08
91906,33.208,-0.08
91916,33.218,-0.08
91926,33.228,-0.08
91935,33.237,-0.08
91945,33.247,-0.08
91956,33.258,-0.08
91966,33.268,-0.08
91976,33.278,-0.08
91985,33.287,-0.08
91996,33.298,-0.08
92006,33.308,-0.08
92016,33.318,-0.08
92025,33.327,-0.08
92036,33.338,-0.08
92046,33.348,-0.08
92056,33.358,-0.08
92065,33.367,-0.08
92076,33.378,-0.08
92086,33.388,-0.08
92096,33.398,-0.08
92106,33.408,-0.08
92115,33.417,-0.08
92126,33.428,-0.08
92136,33.438,-0.08
92146,33.448,-0.08
92155,33.457,-0.08
92166,33.468,-0.08
92176,33.478,-0.08
92186,33.488,-0.08
92195,33.497,-0.08
92206,33.508,-0.08
92216,33.518,-0.08
92226,33.528,-0.08
92236,33.538,-0.08
92246,33.548,-0.08
92256,33.558,-0.08
92266,33.568,-0.08
92276,33.578,-0.08
92285,33.587,-0.08
92296,33.598,-0.08
92306,33.608,-0.08
92316,33.618,-0.08
92325,33.627,-0.08
92336,33.638,-0.08
92346,33.648,-0.08
92356,33.658,-0.08
92366,33.668,-0.08
92376,33.678,-0.08
92386,33.688,-0.08
92396,33.698,-0.08
92406,33.708,-0.08
92416,33.718,-0.08
92426,33.728,-0.08
92436,33.738,-0.08
92446,33.748,-0.08
92455,33.757,-0.08
92466,33.768,-0.08
92476,33.778,-0.08
92486,33.788,-0.08
92496,33.798,-0.08
92506,33.808,-0.08
92516,33.818,-0.08
92526,33.828,-0.08
92536,33.838,-0.08
92546,33.848,-0.08
92556,33.858,-0.08
92566,33.868,-0.08
92576,33.878,-0.08
92585,33.887,-0.08
92596,33.898,-0.08
92606,33.908,-0.08
92616,33.918,-0.08
92625,33.927,-0.08
92636,33.938,-0.08
92646,33.948,-0.08
92656,33.958,-0.08
92666,33.968,-0.08
92676,33.978,-0.08
92686,33.988,-0.08
92696,33.998,-0.08
92706,34.008,-0.08
92716,34.018,-0.08
92726,34.028,-0.08
92736,34.038,-0.08
92746,34.048,-0.08
92755,34.057,-0.08
92766,34.068,-0.08
92776,34.078,-0.08
92786,34.088,-0.08
92796,34.098,-0.08
92806,34.108,-0.08
92816,34.118,-0.08
92826,34.128,-0.08
92836,34.138,-0.08
92846,34.148,-0.08
92856,34.158,-0.08
92866,34.168,-0.08
92876,34.178,-0.08
92886,34.188,-0.08
92896,34.198,-0.08
92906,34.208,-0.08
92916,34.218,-0.08
92926,34.228,-0.08
92936,34.238,-0.08
92946,34.248,-0.08
92956,34.258,-0.08
92966,34.268,-0.08
92976,34.278,-0.08
92986,34.288,0.1
92996,34.298,0.1
93006,34.308,-0.08
93016,34.318,-0.08
93026,34.328,-0.08
93036,34.338,-0.08
93046,34.348,-0.08
93056,34.358,-0.08
93066,34.368,-0.08
93076,34.378,-0.08
93086,34.388,-0.08
93096,34.398,-0.08
93106,34.408,-0.08
93116,34.418,-0.08
93126,34.428,-0.08
93136,34.438,-0.08
93146,34.448,-0.08
93156,34.458,-0.08
93166,34.468,-0.08
93176,34.478,-0.08
93186,34.488,-0.08
93196,34.498,-0.08
93206,34.508,-0.08
93216,34.518,-0.08
93227,34.529,-0.08
93236,34.538,-0.27
93246,34.548,-0.27
93256,34.558,-0.08
93266,34.568,-0.08
93276,34.578,-0.08
93286,34.588,-0.08
93296,34.598,-0.08
93306,34.608,-0.08
93316,34.618,-0.08
93326,34.628,-0.08
93336,34.638,-0.08
93346,34.648,-0.08
93357,34.659,-0.08
93366,34.668,-0.08
93376,34.678,-0.08
93386,34.688,-0.08
93396,34.698,-0.08
93406,34.708,-0.08
93416,34.718,-0.08
93426,34.728,-0.08
93436,34.738,-0.08
93446,34.748,-0.08
93456,34.758,-0.08
93466,34.768,-0.08
93476,34.778,-0.08
93487,34.789,-0.08
93496,34.798,-0.08
93506,34.808,-0.08
93516,34.818,-0.08
93527,34.829,-0.08
93536,34.838,-0.08
93546,34.848,-0.08
93556,34.858,-0.27
93566,34.868,-0.27
93576,34.878,-0.08
93586,34.888,-0.08
93596,34.898,-0.08
93606,34.908,-0.08
93617,34.919,-0.08
93626,34.928,-0.08
93636,34.938,-0.08
93646,34.948,-0.08
93657,34.959,-0.08
93666,34.968,-0.08
93676,34.978,-0.08
93686,34.988,-0.08
93697,34.999,-0.08
93706,35.008,-0.08
93716,35.018,-0.08
93726,35.028,-0.08
93736,35.038,-0.08
93746,35.048,-0.08
93756,35.058,-0.08
93766,35.068,-0.08
93776,35.078,-0.08
93787,35.089,-0.08
93796,35.098,-0.08
93806,35.108,-0.08
93816,35.118,-0.08
93827,35.129,-0.08
93836,35.138,-0.08
93846,35.148,-0.08
93856,35.158,-0.08
93867,35.169,-0.08
93876,35.178,-0.08
93886,35.188,-0.08
93896,35.198,-0.08
93906,35.208,-0.08
93917,35.219,-0.08
93926,35.228,-0.08
93936,35.238,-0.08
93946,35.248,-0.08
93957,35.259,-0.08
93966,35.268,-0.08
93976,35.278,-0.08
93986,35.288,-0.08
93997,35.299,-0.08
94006,35.308,-0.08
94016,35.318,-0.08
94026,35.328,-0.08
94036,35.338,-0.08
94047,35.349,-0.08
94056,35.358,-0.08
94066,35.368,-0.08
94076,35.378,-0.08
94087,35.389,-0.08
94096,35.398,-0.08
94106,35.408,-0.08
94116,35.418,-0.08
94127,35.429,-0.08
94136,35.438,-0.08
94146,35.448,-0.08
94156,35.458,-0.08
94167,35.469,-0.08
94177,35.479,-0.08
94186,35.488,-0.08
94196,35.498,-0.08
94206,35.508,-0.08
94217,35.519,-0.08
94226,35.528,-0.08
94236,35.538,-0.08
94246,35.548,-0.08
94257,35.559,-0.08
94266,35.568,-0.08
94276,35.578,-0.08
94286,35.588,-0.08
94297,35.599,-0.08
94306,35.608,-0.08
94316,35.618,-0.08
94326,35.628,-0.08
94337,35.639,-0.08
94347,35.649,-0.08
94356,35.658,-0.08
94366,35.668,-0.08
94376,35.678,-0.08
94387,35.689,-0.08
94396,35.698,-0.08
94406,35.708,-0.08
94416,35.718,-0.08
94427,35.729,-0.08
94436,35.738,-0.08
94446,35.748,-0.08
94456,35.758,-0.08
94467,35.769,-0.08
94477,35.779,-0.08
94486,35.788,-0.08
94496,35.798,-0.08
94507,35.809,-0.08
94517,35.819,-0.08
94526,35.828,-0.08
94536,35.838,-0.08
94546,35.848,-0.08
94557,35.859,-0.08
94566,35.868,-0.08
94576,35.878,-0.08
94586,35.888,-0.08
94597,35.899,-0.08
94607,35.909,-0.08
94616,35.918,-0.08
94626,35.928,-0.08
94637,35.939,-0.08
94647,35.949,-0.08
94656,35.958,-0.08
94666,35.968,-0.08
94676,35.978,-0.08
94687,35.989,-0.08
94696,35.998,-0.08
94706,36.008,-0.08
94716,36.018,-0.08
94727,36.029,-0.08
94737,36.039,-0.08
94746,36.048,-0.08
94756,36.058,-0.08
94767,36.069,-0.08
94777,36.079,-0.08
94786,36.088,-0.08
94796,36.098,-0.08
94807,36.109,-0.08
94817,36.119,-0.08
94826,36.128,-0.08
94836,36.138,-0.08
94846,36.148,-0.08
94857,36.159,-0.08
94866,36.168,-0.08
94876,36.178,-0.08
94886,36.188,-0.08
94897,36.199,-0.08
94907,36.209,-0.08
94916,36.218,-0.08
94926,36.228,-0.08
94937,36.239,-0.08
94947,36.249,-0.08
94956,36.258,-0.08
94966,36.268,-0.08
94977,36.279,-0.08
94987,36.289,-0.08
94996,36.298,-0.08
95006,36.308,-0.08
95016,36.318,-0.08
95027,36.329,-0.08
95037,36.339,-0.08
95046,36.348,-0.08
95056,36.358,-0.08
95067,36.369,-0.08
95077,36.379,-0.08
95086,36.388,-0.08
95096,36.398,-0.08
95107,36.409,-0.08
95117,36.419,-0.08
95126,36.428,-0.08
95136,36.438,-0.08
95147,36.449,-0.08
95157,36.459,-0.08
95167,36.469,-0.08
95176,36.478,-0.08
95186,36.488,-0.08
95197,36.499,-0.08
95207,36.509,-0.08
95216,36.518,-0.08
95226,36.528,-0.08
95237,36.539,-0.08
95247,36.549,-0.08
95256,36.558,-0.08
95266,36.568,-0.08
95277,36.579,-0.08
95287,36.589,-0.08
95297,36.599,-0.08
95306,36.608,-0.08
95316,36.618,-0.08
95327,36.629,-0.08
95337,36.639,-0.08
95346,36.648,-0.08
95356,36.658,-0.08
95367,36.669,-0.08
95377,36.679,-0.08
95386,36.688,-0.08
95396,36.698,-0.08
95407,36.709,-0.08
95417,36.719,-0.08
95427,36.729,-0.08
95436,36.738,-0.08
95447,36.749,-0.08
95457,36.759,-0.08
95467,36.769,-0.08
95476,36.778,-0.08
95486,36.788,-0.08
95497,36.799,-0.08
95507,36.809,-0.08
95516,36.818,-0.08
95526,36.828,-0.08
95537,36.839,-0.08
95547,36.849,-0.08
95556,36.858,-0.08
95566,36.868,-0.08
95577,36.879,-0.08
95587,36.889,-0.08
95597,36.899,-0.08
95606,36.908,-0.08
95617,36.919,-0.08
95627,36.929,-0.08
95637,36.939,-0.08
95646,36.948,-0.08
95656,36.958,-0.08
95667,36.969,-0.08
95677,36.979,-0.08
95686,36.988,-0.08
95696,36.998,-0.08
95707,37.009,-0.08
95717,37.019,-0.08
95727,37.029,-0.08
95736,37.038,-0.08
95747,37.049,-0.08
95757,37.059,-0.08
95767,37.069,-0.08
95776,37.078,-0.08
95787,37.089,-0.08
95797,37.099,-0.08
95807,37.109,-0.08
95816,37.118,-0.08
95826,37.128,-0.08
95837,37.139,-0.08
95847,37.149,-0.08
95857,37.159,-0.08
95866,37.168,-0.08
95877,37.179,-0.08
95887,37.189,-0.08
95897,37.199,-0.08
95906,37.208,-0.08
95917,37.219,-0.08
95927,37.229,-0.08
95937,37.239,-0.08
95946,37.248,-0.08
95956,37.258,-0.08
95967,37.269,-0.08
95977,37.279,-0.08
95987,37.289,-0.08
95996,37.298,-0.08
96007,37.309,-0.08
96017,37.319,-0.08
96027,37.329,-0.08
96036,37.338,-0.27
96047,37.349,-0.27
96057,37.359,-0.08
96067,37.369,-0.08
96076,37.378,-0.08
96087,37.389,-0.08
96097,37.399,-0.08
96107,37.409,-0.08
96116,37.418,-0.08
96126,37.428,-0.08
96137,37.439,-0.08
96147,37.449,-0.08
96157,37.459,-0.08
96166,37.468,-0.08
96177,37.479,-0.08
96187,37.489,-0.08
96197,37.499,-0.08
96206,37.508,-0.08
96217,37.519,-0.08
96227,37.529,-0.08
96237,37.539,-0.08
96246,37.548,-0.08
96257,37.559,-0.08
96267,37.569,-0.08
96277,37.579,-0.08
96287,37.589,-0.08
96296,37.598,-0.08
96307,37.609,-0.08
96317,37.619,-0.08
96327,37.629,-0.08
96336,37.638,-0.08
96347,37.649,-0.08
96357,37.659,-0.08
96367,37.669,-0.08
96376,37.678,-0.08
96387,37.689,-0.08
96397,37.699,-0.08
96407,37.709,-0.08
96417,37.719,-0.08
96427,37.729,-0.08
96437,37.739,-0.08
96447,37.749,-0.08
96457,37.759,-0.08
96466,37.768,-0.08
96477,37.779,-0.08
96487,37.789,-0.27
96497,37.799,-0.27
96506,37.808,-0.08
96517,37.819,-0.08
96527,37.829,-0.08
96537,37.839,-0.08
96547,37.849,-0.08
96557,37.859,-0.08
96567,37.869,-0.08
96577,37.879,-0.08
96587,37.889,-0.08
96596,37.898,-0.08
96607,37.909,-0.08
96617,37.919,-0.08
96627,37.929,-0.08
96636,37.938,-0.08
96647,37.949,-0.08
96657,37.959,-0.08
96667,37.969,-0.08
96676,37.978,-0.08
96687,37.989,-0.08
96697,37.999,-0.08
96707,38.009,-0.08
96717,38.019,-0.08
96727,38.029,-0.08
96737,38.039,-0.08
96747,38.049,-0.08
96757,38.059,-0.08
96766,38.068,-0.08
96777,38.079,-0.08
96787,38.089,-0.08
96797,38.099,-0.08
96806,38.108,-0.08
96817,38.119,-0.08
96827,38.129,-0.08
96837,38.139,-0.08
96847,38.149,-0.08
96857,38.159,-0.08
96867,38.169,-0.08
96877,38.179,-0.08
96887,38.189,-0.08
96897,38.199,-0.08
96907,38.209,-0.08
96917,38.219,-0.08
96927,38.229,-0.08
96936,38.238,-0.08
96947,38.249,-0.08
96957,38.259,-0.08
96967,38.269,-0.08
96977,38.279,-0.08
96987,38.289,-0.08
96997,38.299,-0.08
97007,38.309,-0.08
97017,38.319,-0.08
97027,38.329,-0.08
97037,38.339,-0.08
97047,38.349,-0.08
97057,38.359,-0.08
97067,38.369,-0.08
97077,38.379,-0.08
97087,38.389,-0.08
97097,38.399,-0.08
97107,38.409,-0.08
97117,38.419,-0.08
97127,38.429,-0.08
97137,38.439,-0.08
97147,38.449,-0.08
97157,38.459,-0.08
97167,38.469,-0.08
97177,38.479,-0.08
97187,38.489,-0.08
97197,38.499,-0.08
97207,38.509,-0.08
97217,38.519,-0.08
97227,38.529,-0.08
97236,38.538,-0.08
97247,38.549,-0.08
97257,38.559,-0.08
97267,38.569,-0.08
97277,38.579,-0.08
97287,38.589,-0.08
97297,38.599,-0.08
97307,38.609,-0.08
97317,38.619,-0.08
97327,38.629,-0.08
97337,38.639,-0.08
97347,38.649,-0.08
97357,38.659,-0.08
97367,38.669,-0.08
97377,38.679,-0.08
97387,38.689,-0.08
97397,38.699,-0.08
97408,38.71,-0.08
97417,38.719,-0.08
97427,38.729,-0.08
97437,38.739,-0.08
97447,38.749,-0.08
97457,38.759,-0.08
97467,38.769,-0.08
97477,38.779,-0.08
97487,38.789,-0.08
97497,38.799,-0.08
97507,38.809,-0.08
97517,38.819,-0.08
97527,38.829,-0.08
97538,38.84,-0.08
97547,38.849,-0.08
97557,38.859,-0.08
97567,38.869,-0.08
97577,38.879,-0.08
97587,38.889,-0.08
97597,38.899,-0.08
97607,38.909,-0.08
97617,38.919,-0.08
97627,38.929,-0.08
97637,38.939,-0.08
97647,38.949,-0.27
97657,38.959,-0.45
97668,38.97,-0.27
97677,38.979,-0.08
97687,38.989,-0.08
97697,38.999,-0.08
97708,39.01,-0.08
97717,39.019,-0.08
97727,39.029,-0.08
97737,39.039,-0.08
97747,39.049,-0.08
97757,39.059,-0.08
97767,39.069,-0.08
97777,39.079,-0.08
97787,39.089,-0.08
97797,39.099,-0.08
97807,39.109,-0.08
97817,39.119,-0.08
97827,39.129,-0.08
97838,39.14,-0.08
97847,39.149,-0.08
97857,39.159,-0.08
97867,39.169,-0.08
97878,39.18,-0.08
97887,39.189,-0.08
97897,39.199,-0.08
97907,39.209,-0.08
97917,39.219,-0.08
97927,39.229,-0.08
97937,39.239,-0.08
97947,39.249,-0.08
97957,39.259,-0.08
97968,39.27,-0.08
97977,39.279,-0.08
97987,39.289,-0.27
97997,39.299,-0.27
98008,39.31,-0.08
98017,39.319,-0.08
98027,39.329,-0.08
98037,39.339,-0.08
98048,39.35,-0.08
98057,39.359,-0.08
98067,39.369,0.1
98077,39.379,0.1
98087,39.389,-0.08
98098,39.4,-0.08
98107,39.409,-0.08
98117,39.419,-0.08
98127,39.429,-0.08
98138,39.44,-0.08
98147,39.449,-0.08
98157,39.459,-0.08
98167,39.469,-0.08
98178,39.48,-0.08
98187,39.489,-0.08
98197,39.499,-0.08
98207,39.509,-0.08
98217,39.519,-0.08
98228,39.53,-0.08
98237,39.539,-0.08
98247,39.549,-0.08
98257,39.559,-0.08
98268,39.57,-0.08
98277,39.579,-0.08
98287,39.589,-0.08
98297,39.599,-0.08
98308,39.61,-0.08
98317,39.619,-0.08
98327,39.629,-0.08
98337,39.639,-0.08
98348,39.65,-0.08
98358,39.66,-0.08
98367,39.669,-0.08
98377,39.679,-0.08
98387,39.689,-0.08
98398,39.7,-0.08
98407,39.709,-0.08
98417,39.719,-0.08
98427,39.729,-0.08
98438,39.74,-0.08
98447,39.749,-0.08
98457,39.759,-0.08
98467,39.769,-0.08
98478,39.78,-0.08
98488,39.79,-0.08
98497,39.799,-0.08
98507,39.809,-0.08
98518,39.82,-0.08
98528,39.83,-0.08
98537,39.839,-0.08
98547,39.849,-0.08
98557,39.859,-0.08
98568,39.87,-0.08
98577,39.879,-0.08
98587,39.889,-0.08
98597,39.899,-0.08
98608,39.91,-0.08
98617,39.919,-0.08
98627,39.929,0.1
98637,39.939,0.1
98648,39.95,-0.08
98658,39.96,-0.08
98667,39.969,-0.08
98677,39.979,-0.08
98688,39.99,-0.08
98698,40,-0.08
98707,40.009,-0.08
98717,40.019,-0.08
98727,40.029,-0.27
98738,40.04,-0.27
98748,40.05,-0.08
98757,40.059,-0.08
98767,40.069,-0.08
98778,40.08,-0.08
98788,40.09,-0.08
98797,40.099,-0.08
98807,40.109,-0.08
98818,40.12,-0.08
98828,40.13,-0.08
98837,40.139,-0.08
98847,40.149,-0.08
98857,40.159,-0.08
98868,40.17,-0.08
98877,40.179,-0.08
98887,40.189,-0.08
98897,40.199,-0.08
98908,40.21,-0.08
98918,40.22,-0.08
98927,40.229,-0.08
98937,40.239,-0.08
98948,40.25,-0.08
98958,40.26,-0.08
98967,40.269,-0.08
98977,40.279,-0.08
98988,40.29,-0.08
98998,40.3,-0.08
99007,40.309,-0.08
99017,40.319,-0.08
99027,40.329,-0.08
99038,40.34,-0.08
99048,40.35,-0.08
99057,40.359,-0.08
99067,40.369,-0.08
99078,40.38,-0.08
99088,40.39,-0.08
99097,40.399,-0.08
99107,40.409,-0.08
99118,40.42,-0.08
99128,40.43,-0.08
99137,40.439,-0.08
99147,40.449,-0.08
99158,40.46,-0.08
99168,40.47,-0.08
99177,40.479,-0.08
99187,40.489,-0.08
99197,40.499,-0.08
99208,40.51,-0.08
99218,40.52,-0.08
99227,40.529,-0.08
99237,40.539,-0.08
99248,40.55,-0.08
99258,40.56,-0.08
99267,40.569,-0.08
99277,40.579,-0.08
99288,40.59,-0.08
99298,40.6,-0.08
99307,40.609,-0.08
99317,40.619,-0.08
99328,40.63,-0.08
99338,40.64,-0.08
99348,40.65,-0.08
99357,40.659,-0.08
99367,40.669,-0.08
99378,40.68,-0.08
99388,40.69,-0.08
99397,40.699,-0.08
99407,40.709,-0.08
99418,40.72,-0.08
99428,40.73,-0.08
99437,40.739,-0.08
99447,40.749,-0.08
99458,40.76,-0.08
99468,40.77,-0.08
99478,40.78,-0.08
99487,40.789,-0.08
99497,40.799,-0.08
99508,40.81,-0.08
99518,40.82,-0.08
99527,40.829,-0.08
99537,40.839,-0.08